Date,Team,Opp,Target_Runs,Runs_avg3,OBP_avg3,Team_ER_avg3,Team_WHIP_avg3,Starting_Pitcher,SP_IP,SP_ERA_3g,SP_WHIP_3g,Home,Team_opp,Opp_SP_Name,Opp_SP_IP,Opp_SP_ERA_3g,Opp_SP_WHIP_3g
2025-06-04,ATH,MIN,1,2.6666666666666665,0.3096666666666667,2.6666666666666665,1.2222222222222223,jeffrey springs,6.666666666666667,7.0434782608695645,1.6956521739130435,1.0,MIN,zebby matthews,5.0,3.176470588235294,1.2352941176470589
2025-06-04,ATH,MIN,1,2.6666666666666665,0.3096666666666667,1.6666666666666667,1.0740740740740742,jeffrey springs,6.666666666666667,7.0434782608695645,1.6956521739130435,1.0,MIN,zebby matthews,5.0,3.176470588235294,1.2352941176470589
2025-06-04,ATH,MIN,1,1.6666666666666667,0.27033333333333337,2.6666666666666665,1.2222222222222223,jeffrey springs,6.666666666666667,7.0434782608695645,1.6956521739130435,1.0,MIN,zebby matthews,5.0,3.176470588235294,1.2352941176470589
2025-06-04,ATH,MIN,1,1.6666666666666667,0.27033333333333337,1.6666666666666667,1.0740740740740742,jeffrey springs,6.666666666666667,7.0434782608695645,1.6956521739130435,1.0,MIN,zebby matthews,5.0,3.176470588235294,1.2352941176470589
2025-06-04,ATH,MIN,1,2.6666666666666665,0.3096666666666667,2.6666666666666665,1.2222222222222223,jeffrey springs,6.666666666666667,7.0434782608695645,1.6956521739130435,1.0,MIN,zebby matthews,5.0,3.176470588235294,1.2352941176470589
2025-06-04,ATH,MIN,1,2.6666666666666665,0.3096666666666667,1.6666666666666667,1.0740740740740742,jeffrey springs,6.666666666666667,7.0434782608695645,1.6956521739130435,1.0,MIN,zebby matthews,5.0,3.176470588235294,1.2352941176470589
2025-06-04,ATH,MIN,1,1.6666666666666667,0.27033333333333337,2.6666666666666665,1.2222222222222223,jeffrey springs,6.666666666666667,7.0434782608695645,1.6956521739130435,1.0,MIN,zebby matthews,5.0,3.176470588235294,1.2352941176470589
2025-06-04,ATH,MIN,1,1.6666666666666667,0.27033333333333337,1.6666666666666667,1.0740740740740742,jeffrey springs,6.666666666666667,7.0434782608695645,1.6956521739130435,1.0,MIN,zebby matthews,5.0,3.176470588235294,1.2352941176470589
2025-06-06,ATH,BAL,5,11.0,0.437,3.6666666666666665,1.1666666666666667,jp sears,5.0,6.0,1.4,1.0,BAL,dean kremer,5.333333333333333,5.940000000000001,1.5600000000000003
2025-06-06,ATH,BAL,5,11.0,0.437,4.333333333333333,1.3333333333333333,jp sears,5.0,6.0,1.4,1.0,BAL,dean kremer,5.333333333333333,5.940000000000001,1.5600000000000003
2025-06-06,ATH,BAL,5,8.0,0.385,3.6666666666666665,1.1666666666666667,jp sears,5.0,6.0,1.4,1.0,BAL,dean kremer,5.333333333333333,5.940000000000001,1.5600000000000003
2025-06-06,ATH,BAL,5,8.0,0.385,4.333333333333333,1.3333333333333333,jp sears,5.0,6.0,1.4,1.0,BAL,dean kremer,5.333333333333333,5.940000000000001,1.5600000000000003
2025-06-06,ATH,BAL,5,11.0,0.437,3.6666666666666665,1.1666666666666667,jp sears,5.0,6.0,1.4,1.0,BAL,dean kremer,5.333333333333333,5.940000000000001,1.5600000000000003
2025-06-06,ATH,BAL,5,11.0,0.437,4.333333333333333,1.3333333333333333,jp sears,5.0,6.0,1.4,1.0,BAL,dean kremer,5.333333333333333,5.940000000000001,1.5600000000000003
2025-06-06,ATH,BAL,5,8.0,0.385,3.6666666666666665,1.1666666666666667,jp sears,5.0,6.0,1.4,1.0,BAL,dean kremer,5.333333333333333,5.940000000000001,1.5600000000000003
2025-06-06,ATH,BAL,5,8.0,0.385,4.333333333333333,1.3333333333333333,jp sears,5.0,6.0,1.4,1.0,BAL,dean kremer,5.333333333333333,5.940000000000001,1.5600000000000003
2025-06-06,ATL,SFG,4,8.0,0.371,2.6666666666666665,1.025925925925926,spencer schwellenbach,6.0,2.9454545454545458,1.1454545454545455,1.0,SFG,hayden birdsong,4.333333333333333,3.2142857142857144,1.3571428571428572
2025-06-06,ATL,SFG,4,8.0,0.371,3.3333333333333335,1.162962962962963,spencer schwellenbach,6.0,2.9454545454545458,1.1454545454545455,1.0,SFG,hayden birdsong,4.333333333333333,3.2142857142857144,1.3571428571428572
2025-06-06,ATL,SFG,4,6.0,0.35200000000000004,2.6666666666666665,1.025925925925926,spencer schwellenbach,6.0,2.9454545454545458,1.1454545454545455,1.0,SFG,hayden birdsong,4.333333333333333,3.2142857142857144,1.3571428571428572
2025-06-06,ATL,SFG,4,6.0,0.35200000000000004,3.3333333333333335,1.162962962962963,spencer schwellenbach,6.0,2.9454545454545458,1.1454545454545455,1.0,SFG,hayden birdsong,4.333333333333333,3.2142857142857144,1.3571428571428572
2025-06-06,ATL,SFG,4,8.0,0.371,2.6666666666666665,1.025925925925926,spencer schwellenbach,6.0,2.9454545454545458,1.1454545454545455,1.0,SFG,hayden birdsong,4.333333333333333,3.2142857142857144,1.3571428571428572
2025-06-06,ATL,SFG,4,8.0,0.371,3.3333333333333335,1.162962962962963,spencer schwellenbach,6.0,2.9454545454545458,1.1454545454545455,1.0,SFG,hayden birdsong,4.333333333333333,3.2142857142857144,1.3571428571428572
2025-06-06,ATL,SFG,4,6.0,0.35200000000000004,2.6666666666666665,1.025925925925926,spencer schwellenbach,6.0,2.9454545454545458,1.1454545454545455,1.0,SFG,hayden birdsong,4.333333333333333,3.2142857142857144,1.3571428571428572
2025-06-06,ATL,SFG,4,6.0,0.35200000000000004,3.3333333333333335,1.162962962962963,spencer schwellenbach,6.0,2.9454545454545458,1.1454545454545455,1.0,SFG,hayden birdsong,4.333333333333333,3.2142857142857144,1.3571428571428572
2025-06-07,ATL,SFG,2,3.3333333333333335,0.3053333333333333,3.3333333333333335,1.2,bryce elder,8.0,2.109375,0.703125,1.0,SFG,logan webb,6.0,1.8,0.9
2025-06-07,ATL,SFG,2,3.3333333333333335,0.3053333333333333,2.6666666666666665,1.0999999999999999,bryce elder,8.0,2.109375,0.703125,1.0,SFG,logan webb,6.0,1.8,0.9
2025-06-07,ATL,SFG,2,2.6666666666666665,0.2776666666666667,3.3333333333333335,1.2,bryce elder,8.0,2.109375,0.703125,1.0,SFG,logan webb,6.0,1.8,0.9
2025-06-07,ATL,SFG,2,2.6666666666666665,0.2776666666666667,2.6666666666666665,1.0999999999999999,bryce elder,8.0,2.109375,0.703125,1.0,SFG,logan webb,6.0,1.8,0.9
2025-06-07,ATL,SFG,2,3.3333333333333335,0.3053333333333333,3.3333333333333335,1.2,bryce elder,8.0,2.109375,0.703125,1.0,SFG,logan webb,6.0,1.8,0.9
2025-06-07,ATL,SFG,2,3.3333333333333335,0.3053333333333333,2.6666666666666665,1.0999999999999999,bryce elder,8.0,2.109375,0.703125,1.0,SFG,logan webb,6.0,1.8,0.9
2025-06-07,ATL,SFG,2,2.6666666666666665,0.2776666666666667,3.3333333333333335,1.2,bryce elder,8.0,2.109375,0.703125,1.0,SFG,logan webb,6.0,1.8,0.9
2025-06-07,ATL,SFG,2,2.6666666666666665,0.2776666666666667,2.6666666666666665,1.0999999999999999,bryce elder,8.0,2.109375,0.703125,1.0,SFG,logan webb,6.0,1.8,0.9
2025-06-05,BAL,SEA,4,3.3333333333333335,0.25300000000000006,3.3333333333333335,0.9629629629629629,zach eflin,6.0,2.8421052631578947,1.105263157894737,0.0,SEA,bryan woo,6.0,5.303571428571428,1.0178571428571428
2025-06-05,BAL,SEA,4,3.3333333333333335,0.25300000000000006,3.6666666666666665,0.9259259259259259,zach eflin,6.0,2.8421052631578947,1.105263157894737,0.0,SEA,bryan woo,6.0,5.303571428571428,1.0178571428571428
2025-06-05,BAL,SEA,4,3.6666666666666665,0.24100000000000002,3.3333333333333335,0.9629629629629629,zach eflin,6.0,2.8421052631578947,1.105263157894737,0.0,SEA,bryan woo,6.0,5.303571428571428,1.0178571428571428
2025-06-05,BAL,SEA,4,3.6666666666666665,0.24100000000000002,3.6666666666666665,0.9259259259259259,zach eflin,6.0,2.8421052631578947,1.105263157894737,0.0,SEA,bryan woo,6.0,5.303571428571428,1.0178571428571428
2025-06-05,BAL,SEA,4,3.3333333333333335,0.25300000000000006,3.3333333333333335,0.9629629629629629,zach eflin,6.0,2.8421052631578947,1.105263157894737,0.0,SEA,bryan woo,6.0,5.303571428571428,1.0178571428571428
2025-06-05,BAL,SEA,4,3.3333333333333335,0.25300000000000006,3.6666666666666665,0.9259259259259259,zach eflin,6.0,2.8421052631578947,1.105263157894737,0.0,SEA,bryan woo,6.0,5.303571428571428,1.0178571428571428
2025-06-05,BAL,SEA,4,3.6666666666666665,0.24100000000000002,3.3333333333333335,0.9629629629629629,zach eflin,6.0,2.8421052631578947,1.105263157894737,0.0,SEA,bryan woo,6.0,5.303571428571428,1.0178571428571428
2025-06-05,BAL,SEA,4,3.6666666666666665,0.24100000000000002,3.6666666666666665,0.9259259259259259,zach eflin,6.0,2.8421052631578947,1.105263157894737,0.0,SEA,bryan woo,6.0,5.303571428571428,1.0178571428571428
2025-06-06,BAL,ATH,4,4.0,0.26633333333333337,3.3333333333333335,1.2592592592592595,dean kremer,5.333333333333333,5.940000000000001,1.5600000000000003,1.0,ATH,jp sears,5.0,6.0,1.4
2025-06-06,BAL,ATH,4,4.0,0.26633333333333337,3.6666666666666665,1.4074074074074077,dean kremer,5.333333333333333,5.940000000000001,1.5600000000000003,1.0,ATH,jp sears,5.0,6.0,1.4
2025-06-06,BAL,ATH,4,4.0,0.3036666666666667,3.3333333333333335,1.2592592592592595,dean kremer,5.333333333333333,5.940000000000001,1.5600000000000003,1.0,ATH,jp sears,5.0,6.0,1.4
2025-06-06,BAL,ATH,4,4.0,0.3036666666666667,3.6666666666666665,1.4074074074074077,dean kremer,5.333333333333333,5.940000000000001,1.5600000000000003,1.0,ATH,jp sears,5.0,6.0,1.4
2025-06-06,BAL,ATH,4,4.0,0.26633333333333337,3.3333333333333335,1.2592592592592595,dean kremer,5.333333333333333,5.940000000000001,1.5600000000000003,1.0,ATH,jp sears,5.0,6.0,1.4
2025-06-06,BAL,ATH,4,4.0,0.26633333333333337,3.6666666666666665,1.4074074074074077,dean kremer,5.333333333333333,5.940000000000001,1.5600000000000003,1.0,ATH,jp sears,5.0,6.0,1.4
2025-06-06,BAL,ATH,4,4.0,0.3036666666666667,3.3333333333333335,1.2592592592592595,dean kremer,5.333333333333333,5.940000000000001,1.5600000000000003,1.0,ATH,jp sears,5.0,6.0,1.4
2025-06-06,BAL,ATH,4,4.0,0.3036666666666667,3.6666666666666665,1.4074074074074077,dean kremer,5.333333333333333,5.940000000000001,1.5600000000000003,1.0,ATH,jp sears,5.0,6.0,1.4
2025-06-07,BOS,NYY,10,7.333333333333333,0.35333333333333333,7.333333333333333,1.4444444444444449,garrett crochet,6.0,5.2105263157894735,1.105263157894737,1.0,NYY,ryan yarbrough,4.0,10.928571428571429,1.8571428571428572
2025-06-07,BOS,NYY,10,7.333333333333333,0.35333333333333333,8.666666666666666,1.777777777777778,garrett crochet,6.0,5.2105263157894735,1.105263157894737,1.0,NYY,ryan yarbrough,4.0,10.928571428571429,1.8571428571428572
2025-06-07,BOS,NYY,10,8.666666666666666,0.39866666666666667,7.333333333333333,1.4444444444444449,garrett crochet,6.0,5.2105263157894735,1.105263157894737,1.0,NYY,ryan yarbrough,4.0,10.928571428571429,1.8571428571428572
2025-06-07,BOS,NYY,10,8.666666666666666,0.39866666666666667,8.666666666666666,1.777777777777778,garrett crochet,6.0,5.2105263157894735,1.105263157894737,1.0,NYY,ryan yarbrough,4.0,10.928571428571429,1.8571428571428572
2025-06-07,BOS,NYY,10,7.333333333333333,0.35333333333333333,7.333333333333333,1.4444444444444449,garrett crochet,6.0,5.2105263157894735,1.105263157894737,1.0,NYY,ryan yarbrough,4.0,10.928571428571429,1.8571428571428572
2025-06-07,BOS,NYY,10,7.333333333333333,0.35333333333333333,8.666666666666666,1.777777777777778,garrett crochet,6.0,5.2105263157894735,1.105263157894737,1.0,NYY,ryan yarbrough,4.0,10.928571428571429,1.8571428571428572
2025-06-07,BOS,NYY,10,8.666666666666666,0.39866666666666667,7.333333333333333,1.4444444444444449,garrett crochet,6.0,5.2105263157894735,1.105263157894737,1.0,NYY,ryan yarbrough,4.0,10.928571428571429,1.8571428571428572
2025-06-07,BOS,NYY,10,8.666666666666666,0.39866666666666667,8.666666666666666,1.777777777777778,garrett crochet,6.0,5.2105263157894735,1.105263157894737,1.0,NYY,ryan yarbrough,4.0,10.928571428571429,1.8571428571428572
2025-06-05,CHC,WSN,7,2.3333333333333335,0.2873333333333333,2.3333333333333335,1.2222222222222223,colin rea,5.333333333333333,3.306122448979592,1.469387755102041,1.0,WSN,jake irvin,5.0,7.2,2.066666666666667
2025-06-05,CHC,WSN,7,2.3333333333333335,0.2873333333333333,4.666666666666667,1.6666666666666667,colin rea,5.333333333333333,3.306122448979592,1.469387755102041,1.0,WSN,jake irvin,5.0,7.2,2.066666666666667
2025-06-05,CHC,WSN,7,4.666666666666667,0.3456666666666666,2.3333333333333335,1.2222222222222223,colin rea,5.333333333333333,3.306122448979592,1.469387755102041,1.0,WSN,jake irvin,5.0,7.2,2.066666666666667
2025-06-05,CHC,WSN,7,4.666666666666667,0.3456666666666666,4.666666666666667,1.6666666666666667,colin rea,5.333333333333333,3.306122448979592,1.469387755102041,1.0,WSN,jake irvin,5.0,7.2,2.066666666666667
2025-06-05,CHC,WSN,7,2.3333333333333335,0.2873333333333333,2.3333333333333335,1.2222222222222223,colin rea,5.333333333333333,3.306122448979592,1.469387755102041,1.0,WSN,jake irvin,5.0,7.2,2.066666666666667
2025-06-05,CHC,WSN,7,2.3333333333333335,0.2873333333333333,4.666666666666667,1.6666666666666667,colin rea,5.333333333333333,3.306122448979592,1.469387755102041,1.0,WSN,jake irvin,5.0,7.2,2.066666666666667
2025-06-05,CHC,WSN,7,4.666666666666667,0.3456666666666666,2.3333333333333335,1.2222222222222223,colin rea,5.333333333333333,3.306122448979592,1.469387755102041,1.0,WSN,jake irvin,5.0,7.2,2.066666666666667
2025-06-05,CHC,WSN,7,4.666666666666667,0.3456666666666666,4.666666666666667,1.6666666666666667,colin rea,5.333333333333333,3.306122448979592,1.469387755102041,1.0,WSN,jake irvin,5.0,7.2,2.066666666666667
2025-06-06,CHC,DET,1,5.0,0.35766666666666663,1.6666666666666667,1.5476190476190474,ben brown,7.0,1.8,0.9,1.0,DET,tarik skubal,7.666666666666667,0.8059701492537312,0.8059701492537312
2025-06-06,CHC,DET,1,5.0,0.35766666666666663,1.3333333333333333,1.273809523809524,ben brown,7.0,1.8,0.9,1.0,DET,tarik skubal,7.666666666666667,0.8059701492537312,0.8059701492537312
2025-06-06,CHC,DET,1,3.0,0.3113333333333333,1.6666666666666667,1.5476190476190474,ben brown,7.0,1.8,0.9,1.0,DET,tarik skubal,7.666666666666667,0.8059701492537312,0.8059701492537312
2025-06-06,CHC,DET,1,3.0,0.3113333333333333,1.3333333333333333,1.273809523809524,ben brown,7.0,1.8,0.9,1.0,DET,tarik skubal,7.666666666666667,0.8059701492537312,0.8059701492537312
2025-06-06,CHC,DET,1,5.0,0.35766666666666663,1.6666666666666667,1.5476190476190474,ben brown,7.0,1.8,0.9,1.0,DET,tarik skubal,7.666666666666667,0.8059701492537312,0.8059701492537312
2025-06-06,CHC,DET,1,5.0,0.35766666666666663,1.3333333333333333,1.273809523809524,ben brown,7.0,1.8,0.9,1.0,DET,tarik skubal,7.666666666666667,0.8059701492537312,0.8059701492537312
2025-06-06,CHC,DET,1,3.0,0.3113333333333333,1.6666666666666667,1.5476190476190474,ben brown,7.0,1.8,0.9,1.0,DET,tarik skubal,7.666666666666667,0.8059701492537312,0.8059701492537312
2025-06-06,CHC,DET,1,3.0,0.3113333333333333,1.3333333333333333,1.273809523809524,ben brown,7.0,1.8,0.9,1.0,DET,tarik skubal,7.666666666666667,0.8059701492537312,0.8059701492537312
2025-06-07,CHC,DET,6,2.6666666666666665,0.25299999999999995,2.6666666666666665,0.9629629629629629,jameson taillon,7.0,1.7704918032786887,0.5901639344262295,1.0,DET,keider montero,5.666666666666667,4.5,1.25
2025-06-07,CHC,DET,6,2.6666666666666665,0.25299999999999995,4.333333333333333,0.9259259259259259,jameson taillon,7.0,1.7704918032786887,0.5901639344262295,1.0,DET,keider montero,5.666666666666667,4.5,1.25
2025-06-07,CHC,DET,6,4.333333333333333,0.24099999999999996,2.6666666666666665,0.9629629629629629,jameson taillon,7.0,1.7704918032786887,0.5901639344262295,1.0,DET,keider montero,5.666666666666667,4.5,1.25
2025-06-07,CHC,DET,6,4.333333333333333,0.24099999999999996,4.333333333333333,0.9259259259259259,jameson taillon,7.0,1.7704918032786887,0.5901639344262295,1.0,DET,keider montero,5.666666666666667,4.5,1.25
2025-06-07,CHC,DET,6,2.6666666666666665,0.25299999999999995,2.6666666666666665,0.9629629629629629,jameson taillon,7.0,1.7704918032786887,0.5901639344262295,1.0,DET,keider montero,5.666666666666667,4.5,1.25
2025-06-07,CHC,DET,6,2.6666666666666665,0.25299999999999995,4.333333333333333,0.9259259259259259,jameson taillon,7.0,1.7704918032786887,0.5901639344262295,1.0,DET,keider montero,5.666666666666667,4.5,1.25
2025-06-07,CHC,DET,6,4.333333333333333,0.24099999999999996,2.6666666666666665,0.9629629629629629,jameson taillon,7.0,1.7704918032786887,0.5901639344262295,1.0,DET,keider montero,5.666666666666667,4.5,1.25
2025-06-07,CHC,DET,6,4.333333333333333,0.24099999999999996,4.333333333333333,0.9259259259259259,jameson taillon,7.0,1.7704918032786887,0.5901639344262295,1.0,DET,keider montero,5.666666666666667,4.5,1.25
2025-06-05,CHW,DET,3,3.6666666666666665,0.313,3.3333333333333335,1.2738095238095237,sean burke,7.0,2.7,1.1,1.0,DET,casey mize,4.666666666666667,4.973684210526315,2.3684210526315788
2025-06-05,CHW,DET,3,3.6666666666666665,0.313,2.6666666666666665,1.5476190476190474,sean burke,7.0,2.7,1.1,1.0,DET,casey mize,4.666666666666667,4.973684210526315,2.3684210526315788
2025-06-05,CHW,DET,3,3.3333333333333335,0.369,3.3333333333333335,1.2738095238095237,sean burke,7.0,2.7,1.1,1.0,DET,casey mize,4.666666666666667,4.973684210526315,2.3684210526315788
2025-06-05,CHW,DET,3,3.3333333333333335,0.369,2.6666666666666665,1.5476190476190474,sean burke,7.0,2.7,1.1,1.0,DET,casey mize,4.666666666666667,4.973684210526315,2.3684210526315788
2025-06-05,CHW,DET,3,3.6666666666666665,0.313,3.3333333333333335,1.2738095238095237,sean burke,7.0,2.7,1.1,1.0,DET,casey mize,4.666666666666667,4.973684210526315,2.3684210526315788
2025-06-05,CHW,DET,3,3.6666666666666665,0.313,2.6666666666666665,1.5476190476190474,sean burke,7.0,2.7,1.1,1.0,DET,casey mize,4.666666666666667,4.973684210526315,2.3684210526315788
2025-06-05,CHW,DET,3,3.3333333333333335,0.369,3.3333333333333335,1.2738095238095237,sean burke,7.0,2.7,1.1,1.0,DET,casey mize,4.666666666666667,4.973684210526315,2.3684210526315788
2025-06-05,CHW,DET,3,3.3333333333333335,0.369,2.6666666666666665,1.5476190476190474,sean burke,7.0,2.7,1.1,1.0,DET,casey mize,4.666666666666667,4.973684210526315,2.3684210526315788
2025-06-06,CHW,KCR,7,4.333333333333333,0.4093333333333333,4.333333333333333,1.5092592592592593,davis martin,6.0,4.0,0.8888888888888888,1.0,KCR,seth lugo,5.0,5.3999999999999995,1.575
2025-06-06,CHW,KCR,7,4.333333333333333,0.4093333333333333,5.666666666666667,1.7962962962962965,davis martin,6.0,4.0,0.8888888888888888,1.0,KCR,seth lugo,5.0,5.3999999999999995,1.575
2025-06-06,CHW,KCR,7,5.666666666666667,0.39366666666666666,4.333333333333333,1.5092592592592593,davis martin,6.0,4.0,0.8888888888888888,1.0,KCR,seth lugo,5.0,5.3999999999999995,1.575
2025-06-06,CHW,KCR,7,5.666666666666667,0.39366666666666666,5.666666666666667,1.7962962962962965,davis martin,6.0,4.0,0.8888888888888888,1.0,KCR,seth lugo,5.0,5.3999999999999995,1.575
2025-06-06,CHW,KCR,7,4.333333333333333,0.4093333333333333,4.333333333333333,1.5092592592592593,davis martin,6.0,4.0,0.8888888888888888,1.0,KCR,seth lugo,5.0,5.3999999999999995,1.575
2025-06-06,CHW,KCR,7,4.333333333333333,0.4093333333333333,5.666666666666667,1.7962962962962965,davis martin,6.0,4.0,0.8888888888888888,1.0,KCR,seth lugo,5.0,5.3999999999999995,1.575
2025-06-06,CHW,KCR,7,5.666666666666667,0.39366666666666666,4.333333333333333,1.5092592592592593,davis martin,6.0,4.0,0.8888888888888888,1.0,KCR,seth lugo,5.0,5.3999999999999995,1.575
2025-06-06,CHW,KCR,7,5.666666666666667,0.39366666666666666,5.666666666666667,1.7962962962962965,davis martin,6.0,4.0,0.8888888888888888,1.0,KCR,seth lugo,5.0,5.3999999999999995,1.575
2025-06-07,CHW,KCR,4,6.0,0.3499999999999999,4.666666666666667,1.5833333333333333,adrian houser,6.0,2.4545454545454546,1.2545454545454546,1.0,KCR,michael wacha,6.0,2.8421052631578947,0.8421052631578947
2025-06-07,CHW,KCR,4,6.0,0.3499999999999999,4.333333333333333,1.4166666666666667,adrian houser,6.0,2.4545454545454546,1.2545454545454546,1.0,KCR,michael wacha,6.0,2.8421052631578947,0.8421052631578947
2025-06-07,CHW,KCR,4,5.0,0.322,4.666666666666667,1.5833333333333333,adrian houser,6.0,2.4545454545454546,1.2545454545454546,1.0,KCR,michael wacha,6.0,2.8421052631578947,0.8421052631578947
2025-06-07,CHW,KCR,4,5.0,0.322,4.333333333333333,1.4166666666666667,adrian houser,6.0,2.4545454545454546,1.2545454545454546,1.0,KCR,michael wacha,6.0,2.8421052631578947,0.8421052631578947
2025-06-07,CHW,KCR,4,6.0,0.3499999999999999,4.666666666666667,1.5833333333333333,adrian houser,6.0,2.4545454545454546,1.2545454545454546,1.0,KCR,michael wacha,6.0,2.8421052631578947,0.8421052631578947
2025-06-07,CHW,KCR,4,6.0,0.3499999999999999,4.333333333333333,1.4166666666666667,adrian houser,6.0,2.4545454545454546,1.2545454545454546,1.0,KCR,michael wacha,6.0,2.8421052631578947,0.8421052631578947
2025-06-07,CHW,KCR,4,5.0,0.322,4.666666666666667,1.5833333333333333,adrian houser,6.0,2.4545454545454546,1.2545454545454546,1.0,KCR,michael wacha,6.0,2.8421052631578947,0.8421052631578947
2025-06-07,CHW,KCR,4,5.0,0.322,4.333333333333333,1.4166666666666667,adrian houser,6.0,2.4545454545454546,1.2545454545454546,1.0,KCR,michael wacha,6.0,2.8421052631578947,0.8421052631578947
2025-06-04,CIN,MIL,1,2.3333333333333335,0.29866666666666664,2.3333333333333335,1.2453703703703702,andrew abbott,6.0,4.7368421052631575,0.9473684210526315,1.0,MIL,quinn priester,5.0,2.25,0.875
2025-06-04,CIN,MIL,1,2.3333333333333335,0.29866666666666664,2.0,1.208333333333333,andrew abbott,6.0,4.7368421052631575,0.9473684210526315,1.0,MIL,quinn priester,5.0,2.25,0.875
2025-06-04,CIN,MIL,1,2.0,0.2916666666666667,2.3333333333333335,1.2453703703703702,andrew abbott,6.0,4.7368421052631575,0.9473684210526315,1.0,MIL,quinn priester,5.0,2.25,0.875
2025-06-04,CIN,MIL,1,2.0,0.2916666666666667,2.0,1.208333333333333,andrew abbott,6.0,4.7368421052631575,0.9473684210526315,1.0,MIL,quinn priester,5.0,2.25,0.875
2025-06-04,CIN,MIL,1,2.3333333333333335,0.29866666666666664,2.3333333333333335,1.2453703703703702,andrew abbott,6.0,4.7368421052631575,0.9473684210526315,1.0,MIL,quinn priester,5.0,2.25,0.875
2025-06-04,CIN,MIL,1,2.3333333333333335,0.29866666666666664,2.0,1.208333333333333,andrew abbott,6.0,4.7368421052631575,0.9473684210526315,1.0,MIL,quinn priester,5.0,2.25,0.875
2025-06-04,CIN,MIL,1,2.0,0.2916666666666667,2.3333333333333335,1.2453703703703702,andrew abbott,6.0,4.7368421052631575,0.9473684210526315,1.0,MIL,quinn priester,5.0,2.25,0.875
2025-06-04,CIN,MIL,1,2.0,0.2916666666666667,2.0,1.208333333333333,andrew abbott,6.0,4.7368421052631575,0.9473684210526315,1.0,MIL,quinn priester,5.0,2.25,0.875
2025-06-05,CLE,NYY,0,2.6666666666666665,0.2740000000000001,2.6666666666666665,1.1481481481481486,slade cecconi,5.0,5.651162790697675,1.6744186046511629,1.0,NYY,max fried,6.0,3.176470588235294,0.8235294117647058
2025-06-05,CLE,NYY,0,2.6666666666666665,0.2740000000000001,1.3333333333333333,0.8518518518518522,slade cecconi,5.0,5.651162790697675,1.6744186046511629,1.0,NYY,max fried,6.0,3.176470588235294,0.8235294117647058
2025-06-05,CLE,NYY,0,1.3333333333333333,0.215,2.6666666666666665,1.1481481481481486,slade cecconi,5.0,5.651162790697675,1.6744186046511629,1.0,NYY,max fried,6.0,3.176470588235294,0.8235294117647058
2025-06-05,CLE,NYY,0,1.3333333333333333,0.215,1.3333333333333333,0.8518518518518522,slade cecconi,5.0,5.651162790697675,1.6744186046511629,1.0,NYY,max fried,6.0,3.176470588235294,0.8235294117647058
2025-06-05,CLE,NYY,0,2.6666666666666665,0.2740000000000001,2.6666666666666665,1.1481481481481486,slade cecconi,5.0,5.651162790697675,1.6744186046511629,1.0,NYY,max fried,6.0,3.176470588235294,0.8235294117647058
2025-06-05,CLE,NYY,0,2.6666666666666665,0.2740000000000001,1.3333333333333333,0.8518518518518522,slade cecconi,5.0,5.651162790697675,1.6744186046511629,1.0,NYY,max fried,6.0,3.176470588235294,0.8235294117647058
2025-06-05,CLE,NYY,0,1.3333333333333333,0.215,2.6666666666666665,1.1481481481481486,slade cecconi,5.0,5.651162790697675,1.6744186046511629,1.0,NYY,max fried,6.0,3.176470588235294,0.8235294117647058
2025-06-05,CLE,NYY,0,1.3333333333333333,0.215,1.3333333333333333,0.8518518518518522,slade cecconi,5.0,5.651162790697675,1.6744186046511629,1.0,NYY,max fried,6.0,3.176470588235294,0.8235294117647058
2025-06-06,CLE,HOU,2,0.6666666666666666,0.205,2.0,1.037037037037037,logan allen,6.0,5.538461538461538,1.3846153846153846,1.0,HOU,colton gordon,5.0,3.6,1.3333333333333333
2025-06-06,CLE,HOU,2,0.6666666666666666,0.205,2.0,1.0740740740740742,logan allen,6.0,5.538461538461538,1.3846153846153846,1.0,HOU,colton gordon,5.0,3.6,1.3333333333333333
2025-06-06,CLE,HOU,2,1.3333333333333333,0.254,2.0,1.037037037037037,logan allen,6.0,5.538461538461538,1.3846153846153846,1.0,HOU,colton gordon,5.0,3.6,1.3333333333333333
2025-06-06,CLE,HOU,2,1.3333333333333333,0.254,2.0,1.0740740740740742,logan allen,6.0,5.538461538461538,1.3846153846153846,1.0,HOU,colton gordon,5.0,3.6,1.3333333333333333
2025-06-06,CLE,HOU,2,0.6666666666666666,0.205,2.0,1.037037037037037,logan allen,6.0,5.538461538461538,1.3846153846153846,1.0,HOU,colton gordon,5.0,3.6,1.3333333333333333
2025-06-06,CLE,HOU,2,0.6666666666666666,0.205,2.0,1.0740740740740742,logan allen,6.0,5.538461538461538,1.3846153846153846,1.0,HOU,colton gordon,5.0,3.6,1.3333333333333333
2025-06-06,CLE,HOU,2,1.3333333333333333,0.254,2.0,1.037037037037037,logan allen,6.0,5.538461538461538,1.3846153846153846,1.0,HOU,colton gordon,5.0,3.6,1.3333333333333333
2025-06-06,CLE,HOU,2,1.3333333333333333,0.254,2.0,1.0740740740740742,logan allen,6.0,5.538461538461538,1.3846153846153846,1.0,HOU,colton gordon,5.0,3.6,1.3333333333333333
2025-06-07,CLE,HOU,3,2.3333333333333335,0.3156666666666667,2.3333333333333335,1.2074074074074075,gavin williams,6.0,2.892857142857143,0.9107142857142857,1.0,HOU,hunter brown,5.333333333333333,1.08,1.3800000000000001
2025-06-07,CLE,HOU,3,2.3333333333333335,0.3156666666666667,2.6666666666666665,1.3037037037037036,gavin williams,6.0,2.892857142857143,0.9107142857142857,1.0,HOU,hunter brown,5.333333333333333,1.08,1.3800000000000001
2025-06-07,CLE,HOU,3,2.6666666666666665,0.32833333333333337,2.3333333333333335,1.2074074074074075,gavin williams,6.0,2.892857142857143,0.9107142857142857,1.0,HOU,hunter brown,5.333333333333333,1.08,1.3800000000000001
2025-06-07,CLE,HOU,3,2.6666666666666665,0.32833333333333337,2.6666666666666665,1.3037037037037036,gavin williams,6.0,2.892857142857143,0.9107142857142857,1.0,HOU,hunter brown,5.333333333333333,1.08,1.3800000000000001
2025-06-07,CLE,HOU,3,2.3333333333333335,0.3156666666666667,2.3333333333333335,1.2074074074074075,gavin williams,6.0,2.892857142857143,0.9107142857142857,1.0,HOU,hunter brown,5.333333333333333,1.08,1.3800000000000001
2025-06-07,CLE,HOU,3,2.3333333333333335,0.3156666666666667,2.6666666666666665,1.3037037037037036,gavin williams,6.0,2.892857142857143,0.9107142857142857,1.0,HOU,hunter brown,5.333333333333333,1.08,1.3800000000000001
2025-06-07,CLE,HOU,3,2.6666666666666665,0.32833333333333337,2.3333333333333335,1.2074074074074075,gavin williams,6.0,2.892857142857143,0.9107142857142857,1.0,HOU,hunter brown,5.333333333333333,1.08,1.3800000000000001
2025-06-07,CLE,HOU,3,2.6666666666666665,0.32833333333333337,2.6666666666666665,1.3037037037037036,gavin williams,6.0,2.892857142857143,0.9107142857142857,1.0,HOU,hunter brown,5.333333333333333,1.08,1.3800000000000001
2025-06-04,COL,MIA,3,4.0,0.26266666666666666,3.6666666666666665,1.0370370370370374,kyle freeland,6.333333333333333,1.4464285714285716,0.8035714285714287,1.0,MIA,cal quantrill,5.0,3.6,1.4
2025-06-04,COL,MIA,3,4.0,0.26266666666666666,3.0,0.8148148148148152,kyle freeland,6.333333333333333,1.4464285714285716,0.8035714285714287,1.0,MIA,cal quantrill,5.0,3.6,1.4
2025-06-04,COL,MIA,3,3.0,0.22233333333333336,3.6666666666666665,1.0370370370370374,kyle freeland,6.333333333333333,1.4464285714285716,0.8035714285714287,1.0,MIA,cal quantrill,5.0,3.6,1.4
2025-06-04,COL,MIA,3,3.0,0.22233333333333336,3.0,0.8148148148148152,kyle freeland,6.333333333333333,1.4464285714285716,0.8035714285714287,1.0,MIA,cal quantrill,5.0,3.6,1.4
2025-06-04,COL,MIA,3,4.0,0.26266666666666666,3.6666666666666665,1.0370370370370374,kyle freeland,6.333333333333333,1.4464285714285716,0.8035714285714287,1.0,MIA,cal quantrill,5.0,3.6,1.4
2025-06-04,COL,MIA,3,4.0,0.26266666666666666,3.0,0.8148148148148152,kyle freeland,6.333333333333333,1.4464285714285716,0.8035714285714287,1.0,MIA,cal quantrill,5.0,3.6,1.4
2025-06-04,COL,MIA,3,3.0,0.22233333333333336,3.6666666666666665,1.0370370370370374,kyle freeland,6.333333333333333,1.4464285714285716,0.8035714285714287,1.0,MIA,cal quantrill,5.0,3.6,1.4
2025-06-04,COL,MIA,3,3.0,0.22233333333333336,3.0,0.8148148148148152,kyle freeland,6.333333333333333,1.4464285714285716,0.8035714285714287,1.0,MIA,cal quantrill,5.0,3.6,1.4
2025-06-06,COL,NYM,2,2.6666666666666665,0.25566666666666665,3.3333333333333335,1.527777777777778,antonio senzatela,4.0,5.25,2.0,1.0,NYM,kodai senga,6.0,1.9636363636363638,0.9818181818181819
2025-06-06,COL,NYM,2,2.6666666666666665,0.25566666666666665,2.6666666666666665,1.4305555555555556,antonio senzatela,4.0,5.25,2.0,1.0,NYM,kodai senga,6.0,1.9636363636363638,0.9818181818181819
2025-06-06,COL,NYM,2,2.3333333333333335,0.2993333333333334,3.3333333333333335,1.527777777777778,antonio senzatela,4.0,5.25,2.0,1.0,NYM,kodai senga,6.0,1.9636363636363638,0.9818181818181819
2025-06-06,COL,NYM,2,2.3333333333333335,0.2993333333333334,2.6666666666666665,1.4305555555555556,antonio senzatela,4.0,5.25,2.0,1.0,NYM,kodai senga,6.0,1.9636363636363638,0.9818181818181819
2025-06-06,COL,NYM,2,2.6666666666666665,0.25566666666666665,3.3333333333333335,1.527777777777778,antonio senzatela,4.0,5.25,2.0,1.0,NYM,kodai senga,6.0,1.9636363636363638,0.9818181818181819
2025-06-06,COL,NYM,2,2.6666666666666665,0.25566666666666665,2.6666666666666665,1.4305555555555556,antonio senzatela,4.0,5.25,2.0,1.0,NYM,kodai senga,6.0,1.9636363636363638,0.9818181818181819
2025-06-06,COL,NYM,2,2.3333333333333335,0.2993333333333334,3.3333333333333335,1.527777777777778,antonio senzatela,4.0,5.25,2.0,1.0,NYM,kodai senga,6.0,1.9636363636363638,0.9818181818181819
2025-06-06,COL,NYM,2,2.3333333333333335,0.2993333333333334,2.6666666666666665,1.4305555555555556,antonio senzatela,4.0,5.25,2.0,1.0,NYM,kodai senga,6.0,1.9636363636363638,0.9818181818181819
2025-06-07,COL,NYM,1,1.6666666666666667,0.3213333333333334,1.6666666666666667,1.2592592592592593,german marquez,5.0,6.6,1.8,1.0,NYM,clay holmes,6.0,2.3684210526315788,1.105263157894737
2025-06-07,COL,NYM,1,1.6666666666666667,0.3213333333333334,1.3333333333333333,1.1851851851851853,german marquez,5.0,6.6,1.8,1.0,NYM,clay holmes,6.0,2.3684210526315788,1.105263157894737
2025-06-07,COL,NYM,1,1.3333333333333333,0.2996666666666667,1.6666666666666667,1.2592592592592593,german marquez,5.0,6.6,1.8,1.0,NYM,clay holmes,6.0,2.3684210526315788,1.105263157894737
2025-06-07,COL,NYM,1,1.3333333333333333,0.2996666666666667,1.3333333333333333,1.1851851851851853,german marquez,5.0,6.6,1.8,1.0,NYM,clay holmes,6.0,2.3684210526315788,1.105263157894737
2025-06-07,COL,NYM,1,1.6666666666666667,0.3213333333333334,1.6666666666666667,1.2592592592592593,german marquez,5.0,6.6,1.8,1.0,NYM,clay holmes,6.0,2.3684210526315788,1.105263157894737
2025-06-07,COL,NYM,1,1.6666666666666667,0.3213333333333334,1.3333333333333333,1.1851851851851853,german marquez,5.0,6.6,1.8,1.0,NYM,clay holmes,6.0,2.3684210526315788,1.105263157894737
2025-06-07,COL,NYM,1,1.3333333333333333,0.2996666666666667,1.6666666666666667,1.2592592592592593,german marquez,5.0,6.6,1.8,1.0,NYM,clay holmes,6.0,2.3684210526315788,1.105263157894737
2025-06-07,COL,NYM,1,1.3333333333333333,0.2996666666666667,1.3333333333333333,1.1851851851851853,german marquez,5.0,6.6,1.8,1.0,NYM,clay holmes,6.0,2.3684210526315788,1.105263157894737
2025-06-05,DET,CHW,2,4.0,0.32733333333333337,4.0,1.362962962962963,casey mize,4.666666666666667,4.973684210526315,2.3684210526315788,1.0,CHW,sean burke,7.0,2.7,1.1
2025-06-05,DET,CHW,2,4.0,0.32733333333333337,3.0,1.2814814814814814,casey mize,4.666666666666667,4.973684210526315,2.3684210526315788,1.0,CHW,sean burke,7.0,2.7,1.1
2025-06-05,DET,CHW,2,3.0,0.3136666666666667,4.0,1.362962962962963,casey mize,4.666666666666667,4.973684210526315,2.3684210526315788,1.0,CHW,sean burke,7.0,2.7,1.1
2025-06-05,DET,CHW,2,3.0,0.3136666666666667,3.0,1.2814814814814814,casey mize,4.666666666666667,4.973684210526315,2.3684210526315788,1.0,CHW,sean burke,7.0,2.7,1.1
2025-06-05,DET,CHW,2,4.0,0.32733333333333337,4.0,1.362962962962963,casey mize,4.666666666666667,4.973684210526315,2.3684210526315788,1.0,CHW,sean burke,7.0,2.7,1.1
2025-06-05,DET,CHW,2,4.0,0.32733333333333337,3.0,1.2814814814814814,casey mize,4.666666666666667,4.973684210526315,2.3684210526315788,1.0,CHW,sean burke,7.0,2.7,1.1
2025-06-05,DET,CHW,2,3.0,0.3136666666666667,4.0,1.362962962962963,casey mize,4.666666666666667,4.973684210526315,2.3684210526315788,1.0,CHW,sean burke,7.0,2.7,1.1
2025-06-05,DET,CHW,2,3.0,0.3136666666666667,3.0,1.2814814814814814,casey mize,4.666666666666667,4.973684210526315,2.3684210526315788,1.0,CHW,sean burke,7.0,2.7,1.1
2025-06-06,DET,CHC,3,2.3333333333333335,0.2936666666666667,1.0,1.0416666666666667,tarik skubal,7.666666666666667,0.8059701492537312,0.8059701492537312,1.0,CHC,ben brown,7.0,1.8,0.9
2025-06-06,DET,CHC,3,2.3333333333333335,0.2936666666666667,2.0,1.0833333333333333,tarik skubal,7.666666666666667,0.8059701492537312,0.8059701492537312,1.0,CHC,ben brown,7.0,1.8,0.9
2025-06-06,DET,CHC,3,2.6666666666666665,0.2873333333333334,1.0,1.0416666666666667,tarik skubal,7.666666666666667,0.8059701492537312,0.8059701492537312,1.0,CHC,ben brown,7.0,1.8,0.9
2025-06-06,DET,CHC,3,2.6666666666666665,0.2873333333333334,2.0,1.0833333333333333,tarik skubal,7.666666666666667,0.8059701492537312,0.8059701492537312,1.0,CHC,ben brown,7.0,1.8,0.9
2025-06-06,DET,CHC,3,2.3333333333333335,0.2936666666666667,1.0,1.0416666666666667,tarik skubal,7.666666666666667,0.8059701492537312,0.8059701492537312,1.0,CHC,ben brown,7.0,1.8,0.9
2025-06-06,DET,CHC,3,2.3333333333333335,0.2936666666666667,2.0,1.0833333333333333,tarik skubal,7.666666666666667,0.8059701492537312,0.8059701492537312,1.0,CHC,ben brown,7.0,1.8,0.9
2025-06-06,DET,CHC,3,2.6666666666666665,0.2873333333333334,1.0,1.0416666666666667,tarik skubal,7.666666666666667,0.8059701492537312,0.8059701492537312,1.0,CHC,ben brown,7.0,1.8,0.9
2025-06-06,DET,CHC,3,2.6666666666666665,0.2873333333333334,2.0,1.0833333333333333,tarik skubal,7.666666666666667,0.8059701492537312,0.8059701492537312,1.0,CHC,ben brown,7.0,1.8,0.9
2025-06-07,DET,CHC,1,2.3333333333333335,0.2656666666666667,2.3333333333333335,1.0462962962962963,keider montero,5.666666666666667,4.5,1.25,1.0,CHC,jameson taillon,7.0,1.7704918032786887,0.5901639344262295
2025-06-07,DET,CHC,1,2.3333333333333335,0.2656666666666667,1.6666666666666667,0.9675925925925926,keider montero,5.666666666666667,4.5,1.25,1.0,CHC,jameson taillon,7.0,1.7704918032786887,0.5901639344262295
2025-06-07,DET,CHC,1,1.6666666666666667,0.25033333333333335,2.3333333333333335,1.0462962962962963,keider montero,5.666666666666667,4.5,1.25,1.0,CHC,jameson taillon,7.0,1.7704918032786887,0.5901639344262295
2025-06-07,DET,CHC,1,1.6666666666666667,0.25033333333333335,1.6666666666666667,0.9675925925925926,keider montero,5.666666666666667,4.5,1.25,1.0,CHC,jameson taillon,7.0,1.7704918032786887,0.5901639344262295
2025-06-07,DET,CHC,1,2.3333333333333335,0.2656666666666667,2.3333333333333335,1.0462962962962963,keider montero,5.666666666666667,4.5,1.25,1.0,CHC,jameson taillon,7.0,1.7704918032786887,0.5901639344262295
2025-06-07,DET,CHC,1,2.3333333333333335,0.2656666666666667,1.6666666666666667,0.9675925925925926,keider montero,5.666666666666667,4.5,1.25,1.0,CHC,jameson taillon,7.0,1.7704918032786887,0.5901639344262295
2025-06-07,DET,CHC,1,1.6666666666666667,0.25033333333333335,2.3333333333333335,1.0462962962962963,keider montero,5.666666666666667,4.5,1.25,1.0,CHC,jameson taillon,7.0,1.7704918032786887,0.5901639344262295
2025-06-07,DET,CHC,1,1.6666666666666667,0.25033333333333335,1.6666666666666667,0.9675925925925926,keider montero,5.666666666666667,4.5,1.25,1.0,CHC,jameson taillon,7.0,1.7704918032786887,0.5901639344262295
2025-06-05,HOU,PIT,8,2.6666666666666665,0.2593333333333333,2.6666666666666665,1.0370370370370374,framber valdez,7.0,1.9565217391304348,0.782608695652174,0.0,PIT,mitch keller,6.333333333333333,7.232142857142858,1.2321428571428572
2025-06-05,HOU,PIT,8,2.6666666666666665,0.2593333333333333,5.333333333333333,1.1851851851851853,framber valdez,7.0,1.9565217391304348,0.782608695652174,0.0,PIT,mitch keller,6.333333333333333,7.232142857142858,1.2321428571428572
2025-06-05,HOU,PIT,8,5.333333333333333,0.2836666666666667,2.6666666666666665,1.0370370370370374,framber valdez,7.0,1.9565217391304348,0.782608695652174,0.0,PIT,mitch keller,6.333333333333333,7.232142857142858,1.2321428571428572
2025-06-05,HOU,PIT,8,5.333333333333333,0.2836666666666667,5.333333333333333,1.1851851851851853,framber valdez,7.0,1.9565217391304348,0.782608695652174,0.0,PIT,mitch keller,6.333333333333333,7.232142857142858,1.2321428571428572
2025-06-05,HOU,PIT,8,2.6666666666666665,0.2593333333333333,2.6666666666666665,1.0370370370370374,framber valdez,7.0,1.9565217391304348,0.782608695652174,0.0,PIT,mitch keller,6.333333333333333,7.232142857142858,1.2321428571428572
2025-06-05,HOU,PIT,8,2.6666666666666665,0.2593333333333333,5.333333333333333,1.1851851851851853,framber valdez,7.0,1.9565217391304348,0.782608695652174,0.0,PIT,mitch keller,6.333333333333333,7.232142857142858,1.2321428571428572
2025-06-05,HOU,PIT,8,5.333333333333333,0.2836666666666667,2.6666666666666665,1.0370370370370374,framber valdez,7.0,1.9565217391304348,0.782608695652174,0.0,PIT,mitch keller,6.333333333333333,7.232142857142858,1.2321428571428572
2025-06-05,HOU,PIT,8,5.333333333333333,0.2836666666666667,5.333333333333333,1.1851851851851853,framber valdez,7.0,1.9565217391304348,0.782608695652174,0.0,PIT,mitch keller,6.333333333333333,7.232142857142858,1.2321428571428572
2025-06-06,HOU,CLE,4,6.666666666666667,0.3436666666666666,4.0,1.6759259259259258,colton gordon,5.0,3.6,1.3333333333333333,1.0,CLE,logan allen,6.0,5.538461538461538,1.3846153846153846
2025-06-06,HOU,CLE,4,6.666666666666667,0.3436666666666666,4.0,1.7268518518518519,colton gordon,5.0,3.6,1.3333333333333333,1.0,CLE,logan allen,6.0,5.538461538461538,1.3846153846153846
2025-06-06,HOU,CLE,4,5.333333333333333,0.3793333333333333,4.0,1.6759259259259258,colton gordon,5.0,3.6,1.3333333333333333,1.0,CLE,logan allen,6.0,5.538461538461538,1.3846153846153846
2025-06-06,HOU,CLE,4,5.333333333333333,0.3793333333333333,4.0,1.7268518518518519,colton gordon,5.0,3.6,1.3333333333333333,1.0,CLE,logan allen,6.0,5.538461538461538,1.3846153846153846
2025-06-06,HOU,CLE,4,6.666666666666667,0.3436666666666666,4.0,1.6759259259259258,colton gordon,5.0,3.6,1.3333333333333333,1.0,CLE,logan allen,6.0,5.538461538461538,1.3846153846153846
2025-06-06,HOU,CLE,4,6.666666666666667,0.3436666666666666,4.0,1.7268518518518519,colton gordon,5.0,3.6,1.3333333333333333,1.0,CLE,logan allen,6.0,5.538461538461538,1.3846153846153846
2025-06-06,HOU,CLE,4,5.333333333333333,0.3793333333333333,4.0,1.6759259259259258,colton gordon,5.0,3.6,1.3333333333333333,1.0,CLE,logan allen,6.0,5.538461538461538,1.3846153846153846
2025-06-06,HOU,CLE,4,5.333333333333333,0.3793333333333333,4.0,1.7268518518518519,colton gordon,5.0,3.6,1.3333333333333333,1.0,CLE,logan allen,6.0,5.538461538461538,1.3846153846153846
2025-06-07,HOU,CLE,5,4.333333333333333,0.35366666666666663,4.0,1.4851851851851852,hunter brown,5.333333333333333,1.08,1.3800000000000001,1.0,CLE,gavin williams,6.0,2.892857142857143,0.9107142857142857
2025-06-07,HOU,CLE,5,4.333333333333333,0.35366666666666663,4.0,1.1925925925925924,hunter brown,5.333333333333333,1.08,1.3800000000000001,1.0,CLE,gavin williams,6.0,2.892857142857143,0.9107142857142857
2025-06-07,HOU,CLE,5,4.666666666666667,0.29233333333333333,4.0,1.4851851851851852,hunter brown,5.333333333333333,1.08,1.3800000000000001,1.0,CLE,gavin williams,6.0,2.892857142857143,0.9107142857142857
2025-06-07,HOU,CLE,5,4.666666666666667,0.29233333333333333,4.0,1.1925925925925924,hunter brown,5.333333333333333,1.08,1.3800000000000001,1.0,CLE,gavin williams,6.0,2.892857142857143,0.9107142857142857
2025-06-07,HOU,CLE,5,4.333333333333333,0.35366666666666663,4.0,1.4851851851851852,hunter brown,5.333333333333333,1.08,1.3800000000000001,1.0,CLE,gavin williams,6.0,2.892857142857143,0.9107142857142857
2025-06-07,HOU,CLE,5,4.333333333333333,0.35366666666666663,4.0,1.1925925925925924,hunter brown,5.333333333333333,1.08,1.3800000000000001,1.0,CLE,gavin williams,6.0,2.892857142857143,0.9107142857142857
2025-06-07,HOU,CLE,5,4.666666666666667,0.29233333333333333,4.0,1.4851851851851852,hunter brown,5.333333333333333,1.08,1.3800000000000001,1.0,CLE,gavin williams,6.0,2.892857142857143,0.9107142857142857
2025-06-07,HOU,CLE,5,4.666666666666667,0.29233333333333333,4.0,1.1925925925925924,hunter brown,5.333333333333333,1.08,1.3800000000000001,1.0,CLE,gavin williams,6.0,2.892857142857143,0.9107142857142857
2025-06-06,KCR,CHW,2,4.0,0.303,2.0,1.0962962962962963,seth lugo,5.0,5.3999999999999995,1.575,1.0,CHW,davis martin,6.0,4.0,0.8888888888888888
2025-06-06,KCR,CHW,2,4.0,0.303,2.0,0.9925925925925925,seth lugo,5.0,5.3999999999999995,1.575,1.0,CHW,davis martin,6.0,4.0,0.8888888888888888
2025-06-06,KCR,CHW,2,4.666666666666667,0.29333333333333333,2.0,1.0962962962962963,seth lugo,5.0,5.3999999999999995,1.575,1.0,CHW,davis martin,6.0,4.0,0.8888888888888888
2025-06-06,KCR,CHW,2,4.666666666666667,0.29333333333333333,2.0,0.9925925925925925,seth lugo,5.0,5.3999999999999995,1.575,1.0,CHW,davis martin,6.0,4.0,0.8888888888888888
2025-06-06,KCR,CHW,2,4.0,0.303,2.0,1.0962962962962963,seth lugo,5.0,5.3999999999999995,1.575,1.0,CHW,davis martin,6.0,4.0,0.8888888888888888
2025-06-06,KCR,CHW,2,4.0,0.303,2.0,0.9925925925925925,seth lugo,5.0,5.3999999999999995,1.575,1.0,CHW,davis martin,6.0,4.0,0.8888888888888888
2025-06-06,KCR,CHW,2,4.666666666666667,0.29333333333333333,2.0,1.0962962962962963,seth lugo,5.0,5.3999999999999995,1.575,1.0,CHW,davis martin,6.0,4.0,0.8888888888888888
2025-06-06,KCR,CHW,2,4.666666666666667,0.29333333333333333,2.0,0.9925925925925925,seth lugo,5.0,5.3999999999999995,1.575,1.0,CHW,davis martin,6.0,4.0,0.8888888888888888
2025-06-07,KCR,CHW,1,1.6666666666666667,0.2733333333333334,1.6666666666666667,1.0,michael wacha,6.0,2.8421052631578947,0.8421052631578947,1.0,CHW,adrian houser,6.0,2.4545454545454546,1.2545454545454546
2025-06-07,KCR,CHW,1,1.6666666666666667,0.2733333333333334,1.3333333333333333,1.1111111111111112,michael wacha,6.0,2.8421052631578947,0.8421052631578947,1.0,CHW,adrian houser,6.0,2.4545454545454546,1.2545454545454546
2025-06-07,KCR,CHW,1,1.3333333333333333,0.2896666666666667,1.6666666666666667,1.0,michael wacha,6.0,2.8421052631578947,0.8421052631578947,1.0,CHW,adrian houser,6.0,2.4545454545454546,1.2545454545454546
2025-06-07,KCR,CHW,1,1.3333333333333333,0.2896666666666667,1.3333333333333333,1.1111111111111112,michael wacha,6.0,2.8421052631578947,0.8421052631578947,1.0,CHW,adrian houser,6.0,2.4545454545454546,1.2545454545454546
2025-06-07,KCR,CHW,1,1.6666666666666667,0.2733333333333334,1.6666666666666667,1.0,michael wacha,6.0,2.8421052631578947,0.8421052631578947,1.0,CHW,adrian houser,6.0,2.4545454545454546,1.2545454545454546
2025-06-07,KCR,CHW,1,1.6666666666666667,0.2733333333333334,1.3333333333333333,1.1111111111111112,michael wacha,6.0,2.8421052631578947,0.8421052631578947,1.0,CHW,adrian houser,6.0,2.4545454545454546,1.2545454545454546
2025-06-07,KCR,CHW,1,1.3333333333333333,0.2896666666666667,1.6666666666666667,1.0,michael wacha,6.0,2.8421052631578947,0.8421052631578947,1.0,CHW,adrian houser,6.0,2.4545454545454546,1.2545454545454546
2025-06-07,KCR,CHW,1,1.3333333333333333,0.2896666666666667,1.3333333333333333,1.1111111111111112,michael wacha,6.0,2.8421052631578947,0.8421052631578947,1.0,CHW,adrian houser,6.0,2.4545454545454546,1.2545454545454546
2025-06-06,LAA,SEA,5,7.666666666666667,0.3449999999999999,4.333333333333333,0.9259259259259259,kyle hendricks,6.0,6.113207547169811,1.641509433962264,1.0,SEA,bryce miller,5.0,8.357142857142858,1.4285714285714286
2025-06-06,LAA,SEA,5,7.666666666666667,0.3449999999999999,4.666666666666667,0.9629629629629629,kyle hendricks,6.0,6.113207547169811,1.641509433962264,1.0,SEA,bryce miller,5.0,8.357142857142858,1.4285714285714286
2025-06-06,LAA,SEA,5,6.333333333333333,0.30899999999999994,4.333333333333333,0.9259259259259259,kyle hendricks,6.0,6.113207547169811,1.641509433962264,1.0,SEA,bryce miller,5.0,8.357142857142858,1.4285714285714286
2025-06-06,LAA,SEA,5,6.333333333333333,0.30899999999999994,4.666666666666667,0.9629629629629629,kyle hendricks,6.0,6.113207547169811,1.641509433962264,1.0,SEA,bryce miller,5.0,8.357142857142858,1.4285714285714286
2025-06-06,LAA,SEA,5,7.666666666666667,0.3449999999999999,4.333333333333333,0.9259259259259259,kyle hendricks,6.0,6.113207547169811,1.641509433962264,1.0,SEA,bryce miller,5.0,8.357142857142858,1.4285714285714286
2025-06-06,LAA,SEA,5,7.666666666666667,0.3449999999999999,4.666666666666667,0.9629629629629629,kyle hendricks,6.0,6.113207547169811,1.641509433962264,1.0,SEA,bryce miller,5.0,8.357142857142858,1.4285714285714286
2025-06-06,LAA,SEA,5,6.333333333333333,0.30899999999999994,4.333333333333333,0.9259259259259259,kyle hendricks,6.0,6.113207547169811,1.641509433962264,1.0,SEA,bryce miller,5.0,8.357142857142858,1.4285714285714286
2025-06-06,LAA,SEA,5,6.333333333333333,0.30899999999999994,4.666666666666667,0.9629629629629629,kyle hendricks,6.0,6.113207547169811,1.641509433962264,1.0,SEA,bryce miller,5.0,8.357142857142858,1.4285714285714286
2025-06-07,LAD,STL,1,0.3333333333333333,0.302,0.3333333333333333,1.2592592592592593,yoshinobu yamamoto,6.0,2.297872340425532,1.4042553191489362,1.0,STL,erick fedde,5.333333333333333,1.08,1.3800000000000001
2025-06-07,LAD,STL,1,0.3333333333333333,0.302,0.6666666666666666,1.4074074074074074,yoshinobu yamamoto,6.0,2.297872340425532,1.4042553191489362,1.0,STL,erick fedde,5.333333333333333,1.08,1.3800000000000001
2025-06-07,LAD,STL,1,0.6666666666666666,0.326,0.3333333333333333,1.2592592592592593,yoshinobu yamamoto,6.0,2.297872340425532,1.4042553191489362,1.0,STL,erick fedde,5.333333333333333,1.08,1.3800000000000001
2025-06-07,LAD,STL,1,0.6666666666666666,0.326,0.6666666666666666,1.4074074074074074,yoshinobu yamamoto,6.0,2.297872340425532,1.4042553191489362,1.0,STL,erick fedde,5.333333333333333,1.08,1.3800000000000001
2025-06-07,LAD,STL,1,0.3333333333333333,0.302,0.3333333333333333,1.2592592592592593,yoshinobu yamamoto,6.0,2.297872340425532,1.4042553191489362,1.0,STL,erick fedde,5.333333333333333,1.08,1.3800000000000001
2025-06-07,LAD,STL,1,0.3333333333333333,0.302,0.6666666666666666,1.4074074074074074,yoshinobu yamamoto,6.0,2.297872340425532,1.4042553191489362,1.0,STL,erick fedde,5.333333333333333,1.08,1.3800000000000001
2025-06-07,LAD,STL,1,0.6666666666666666,0.326,0.3333333333333333,1.2592592592592593,yoshinobu yamamoto,6.0,2.297872340425532,1.4042553191489362,1.0,STL,erick fedde,5.333333333333333,1.08,1.3800000000000001
2025-06-07,LAD,STL,1,0.6666666666666666,0.326,0.6666666666666666,1.4074074074074074,yoshinobu yamamoto,6.0,2.297872340425532,1.4042553191489362,1.0,STL,erick fedde,5.333333333333333,1.08,1.3800000000000001
2025-06-04,MIA,COL,2,2.6666666666666665,0.2683333333333333,1.6666666666666667,1.037037037037037,cal quantrill,5.0,3.6,1.4,1.0,COL,kyle freeland,6.333333333333333,1.4464285714285716,0.8035714285714287
2025-06-04,MIA,COL,2,2.6666666666666665,0.2683333333333333,0.6666666666666666,0.7407407407407408,cal quantrill,5.0,3.6,1.4,1.0,COL,kyle freeland,6.333333333333333,1.4464285714285716,0.8035714285714287
2025-06-04,MIA,COL,2,2.0,0.22466666666666665,1.6666666666666667,1.037037037037037,cal quantrill,5.0,3.6,1.4,1.0,COL,kyle freeland,6.333333333333333,1.4464285714285716,0.8035714285714287
2025-06-04,MIA,COL,2,2.0,0.22466666666666665,0.6666666666666666,0.7407407407407408,cal quantrill,5.0,3.6,1.4,1.0,COL,kyle freeland,6.333333333333333,1.4464285714285716,0.8035714285714287
2025-06-04,MIA,COL,2,2.6666666666666665,0.2683333333333333,1.6666666666666667,1.037037037037037,cal quantrill,5.0,3.6,1.4,1.0,COL,kyle freeland,6.333333333333333,1.4464285714285716,0.8035714285714287
2025-06-04,MIA,COL,2,2.6666666666666665,0.2683333333333333,0.6666666666666666,0.7407407407407408,cal quantrill,5.0,3.6,1.4,1.0,COL,kyle freeland,6.333333333333333,1.4464285714285716,0.8035714285714287
2025-06-04,MIA,COL,2,2.0,0.22466666666666665,1.6666666666666667,1.037037037037037,cal quantrill,5.0,3.6,1.4,1.0,COL,kyle freeland,6.333333333333333,1.4464285714285716,0.8035714285714287
2025-06-04,MIA,COL,2,2.0,0.22466666666666665,0.6666666666666666,0.7407407407407408,cal quantrill,5.0,3.6,1.4,1.0,COL,kyle freeland,6.333333333333333,1.4464285714285716,0.8035714285714287
2025-06-06,MIA,TBR,3,2.3333333333333335,0.22833333333333336,3.0,1.2222222222222223,edward cabrera,4.0,1.3170731707317072,1.8292682926829267,1.0,TBR,zack littell,6.0,2.142857142857143,1.0952380952380953
2025-06-06,MIA,TBR,3,2.3333333333333335,0.22833333333333336,3.0,1.2222222222222223,edward cabrera,4.0,1.3170731707317072,1.8292682926829267,1.0,TBR,zack littell,6.0,2.142857142857143,1.0952380952380953
2025-06-06,MIA,TBR,3,2.6666666666666665,0.26266666666666666,3.0,1.2222222222222223,edward cabrera,4.0,1.3170731707317072,1.8292682926829267,1.0,TBR,zack littell,6.0,2.142857142857143,1.0952380952380953
2025-06-06,MIA,TBR,3,2.6666666666666665,0.26266666666666666,3.0,1.2222222222222223,edward cabrera,4.0,1.3170731707317072,1.8292682926829267,1.0,TBR,zack littell,6.0,2.142857142857143,1.0952380952380953
2025-06-06,MIA,TBR,3,2.3333333333333335,0.22833333333333336,3.0,1.2222222222222223,edward cabrera,4.0,1.3170731707317072,1.8292682926829267,1.0,TBR,zack littell,6.0,2.142857142857143,1.0952380952380953
2025-06-06,MIA,TBR,3,2.3333333333333335,0.22833333333333336,3.0,1.2222222222222223,edward cabrera,4.0,1.3170731707317072,1.8292682926829267,1.0,TBR,zack littell,6.0,2.142857142857143,1.0952380952380953
2025-06-06,MIA,TBR,3,2.6666666666666665,0.26266666666666666,3.0,1.2222222222222223,edward cabrera,4.0,1.3170731707317072,1.8292682926829267,1.0,TBR,zack littell,6.0,2.142857142857143,1.0952380952380953
2025-06-06,MIA,TBR,3,2.6666666666666665,0.26266666666666666,3.0,1.2222222222222223,edward cabrera,4.0,1.3170731707317072,1.8292682926829267,1.0,TBR,zack littell,6.0,2.142857142857143,1.0952380952380953
2025-06-04,MIL,CIN,9,4.666666666666667,0.2743333333333333,4.666666666666667,1.1481481481481484,quinn priester,5.0,2.25,0.875,1.0,CIN,andrew abbott,6.0,4.7368421052631575,0.9473684210526315
2025-06-04,MIL,CIN,9,4.666666666666667,0.2743333333333333,6.666666666666667,1.4074074074074077,quinn priester,5.0,2.25,0.875,1.0,CIN,andrew abbott,6.0,4.7368421052631575,0.9473684210526315
2025-06-04,MIL,CIN,9,6.666666666666667,0.318,4.666666666666667,1.1481481481481484,quinn priester,5.0,2.25,0.875,1.0,CIN,andrew abbott,6.0,4.7368421052631575,0.9473684210526315
2025-06-04,MIL,CIN,9,6.666666666666667,0.318,6.666666666666667,1.4074074074074077,quinn priester,5.0,2.25,0.875,1.0,CIN,andrew abbott,6.0,4.7368421052631575,0.9473684210526315
2025-06-04,MIL,CIN,9,4.666666666666667,0.2743333333333333,4.666666666666667,1.1481481481481484,quinn priester,5.0,2.25,0.875,1.0,CIN,andrew abbott,6.0,4.7368421052631575,0.9473684210526315
2025-06-04,MIL,CIN,9,4.666666666666667,0.2743333333333333,6.666666666666667,1.4074074074074077,quinn priester,5.0,2.25,0.875,1.0,CIN,andrew abbott,6.0,4.7368421052631575,0.9473684210526315
2025-06-04,MIL,CIN,9,6.666666666666667,0.318,4.666666666666667,1.1481481481481484,quinn priester,5.0,2.25,0.875,1.0,CIN,andrew abbott,6.0,4.7368421052631575,0.9473684210526315
2025-06-04,MIL,CIN,9,6.666666666666667,0.318,6.666666666666667,1.4074074074074077,quinn priester,5.0,2.25,0.875,1.0,CIN,andrew abbott,6.0,4.7368421052631575,0.9473684210526315
2025-06-06,MIL,SDP,0,6.0,0.34299999999999997,2.0,1.2037037037037035,chad patrick,6.0,2.0,1.0555555555555556,1.0,SDP,randy vasquez,4.666666666666667,2.8421052631578947,1.657894736842105
2025-06-06,MIL,SDP,0,6.0,0.34299999999999997,1.0,1.1574074074074072,chad patrick,6.0,2.0,1.0555555555555556,1.0,SDP,randy vasquez,4.666666666666667,2.8421052631578947,1.657894736842105
2025-06-06,MIL,SDP,0,3.0,0.32,2.0,1.2037037037037035,chad patrick,6.0,2.0,1.0555555555555556,1.0,SDP,randy vasquez,4.666666666666667,2.8421052631578947,1.657894736842105
2025-06-06,MIL,SDP,0,3.0,0.32,1.0,1.1574074074074072,chad patrick,6.0,2.0,1.0555555555555556,1.0,SDP,randy vasquez,4.666666666666667,2.8421052631578947,1.657894736842105
2025-06-06,MIL,SDP,0,6.0,0.34299999999999997,2.0,1.2037037037037035,chad patrick,6.0,2.0,1.0555555555555556,1.0,SDP,randy vasquez,4.666666666666667,2.8421052631578947,1.657894736842105
2025-06-06,MIL,SDP,0,6.0,0.34299999999999997,1.0,1.1574074074074072,chad patrick,6.0,2.0,1.0555555555555556,1.0,SDP,randy vasquez,4.666666666666667,2.8421052631578947,1.657894736842105
2025-06-06,MIL,SDP,0,3.0,0.32,2.0,1.2037037037037035,chad patrick,6.0,2.0,1.0555555555555556,1.0,SDP,randy vasquez,4.666666666666667,2.8421052631578947,1.657894736842105
2025-06-06,MIL,SDP,0,3.0,0.32,1.0,1.1574074074074072,chad patrick,6.0,2.0,1.0555555555555556,1.0,SDP,randy vasquez,4.666666666666667,2.8421052631578947,1.657894736842105
2025-06-07,MIL,SDP,4,1.3333333333333333,0.3253333333333333,0.6666666666666666,1.2824074074074072,jose quintana,5.0,2.4,1.6,1.0,SDP,stephen kolek,5.666666666666667,0.0,1.1176470588235294
2025-06-07,MIL,SDP,4,1.3333333333333333,0.3253333333333333,1.3333333333333333,1.4537037037037035,jose quintana,5.0,2.4,1.6,1.0,SDP,stephen kolek,5.666666666666667,0.0,1.1176470588235294
2025-06-07,MIL,SDP,4,2.6666666666666665,0.35366666666666663,0.6666666666666666,1.2824074074074072,jose quintana,5.0,2.4,1.6,1.0,SDP,stephen kolek,5.666666666666667,0.0,1.1176470588235294
2025-06-07,MIL,SDP,4,2.6666666666666665,0.35366666666666663,1.3333333333333333,1.4537037037037035,jose quintana,5.0,2.4,1.6,1.0,SDP,stephen kolek,5.666666666666667,0.0,1.1176470588235294
2025-06-07,MIL,SDP,4,1.3333333333333333,0.3253333333333333,0.6666666666666666,1.2824074074074072,jose quintana,5.0,2.4,1.6,1.0,SDP,stephen kolek,5.666666666666667,0.0,1.1176470588235294
2025-06-07,MIL,SDP,4,1.3333333333333333,0.3253333333333333,1.3333333333333333,1.4537037037037035,jose quintana,5.0,2.4,1.6,1.0,SDP,stephen kolek,5.666666666666667,0.0,1.1176470588235294
2025-06-07,MIL,SDP,4,2.6666666666666665,0.35366666666666663,0.6666666666666666,1.2824074074074072,jose quintana,5.0,2.4,1.6,1.0,SDP,stephen kolek,5.666666666666667,0.0,1.1176470588235294
2025-06-07,MIL,SDP,4,2.6666666666666665,0.35366666666666663,1.3333333333333333,1.4537037037037035,jose quintana,5.0,2.4,1.6,1.0,SDP,stephen kolek,5.666666666666667,0.0,1.1176470588235294
2025-06-04,MIN,ATH,6,8.666666666666666,0.38233333333333336,8.333333333333334,1.777777777777778,zebby matthews,5.0,3.176470588235294,1.2352941176470589,1.0,ATH,jeffrey springs,6.666666666666667,7.0434782608695645,1.6956521739130435
2025-06-04,MIN,ATH,6,8.666666666666666,0.38233333333333336,6.666666666666667,1.5185185185185188,zebby matthews,5.0,3.176470588235294,1.2352941176470589,1.0,ATH,jeffrey springs,6.666666666666667,7.0434782608695645,1.6956521739130435
2025-06-04,MIN,ATH,6,7.333333333333333,0.34299999999999997,8.333333333333334,1.777777777777778,zebby matthews,5.0,3.176470588235294,1.2352941176470589,1.0,ATH,jeffrey springs,6.666666666666667,7.0434782608695645,1.6956521739130435
2025-06-04,MIN,ATH,6,7.333333333333333,0.34299999999999997,6.666666666666667,1.5185185185185188,zebby matthews,5.0,3.176470588235294,1.2352941176470589,1.0,ATH,jeffrey springs,6.666666666666667,7.0434782608695645,1.6956521739130435
2025-06-04,MIN,ATH,6,8.666666666666666,0.38233333333333336,8.333333333333334,1.777777777777778,zebby matthews,5.0,3.176470588235294,1.2352941176470589,1.0,ATH,jeffrey springs,6.666666666666667,7.0434782608695645,1.6956521739130435
2025-06-04,MIN,ATH,6,8.666666666666666,0.38233333333333336,6.666666666666667,1.5185185185185188,zebby matthews,5.0,3.176470588235294,1.2352941176470589,1.0,ATH,jeffrey springs,6.666666666666667,7.0434782608695645,1.6956521739130435
2025-06-04,MIN,ATH,6,7.333333333333333,0.34299999999999997,8.333333333333334,1.777777777777778,zebby matthews,5.0,3.176470588235294,1.2352941176470589,1.0,ATH,jeffrey springs,6.666666666666667,7.0434782608695645,1.6956521739130435
2025-06-04,MIN,ATH,6,7.333333333333333,0.34299999999999997,6.666666666666667,1.5185185185185188,zebby matthews,5.0,3.176470588235294,1.2352941176470589,1.0,ATH,jeffrey springs,6.666666666666667,7.0434782608695645,1.6956521739130435
2025-06-07,MIN,TOR,4,4.0,0.30066666666666664,4.0,1.2222222222222223,chris paddack,6.0,2.25,0.85,1.0,TOR,kevin gausman,6.0,4.859999999999999,1.44
2025-06-07,MIN,TOR,4,4.0,0.30066666666666664,4.0,1.2222222222222223,chris paddack,6.0,2.25,0.85,1.0,TOR,kevin gausman,6.0,4.859999999999999,1.44
2025-06-07,MIN,TOR,4,4.0,0.31233333333333335,4.0,1.2222222222222223,chris paddack,6.0,2.25,0.85,1.0,TOR,kevin gausman,6.0,4.859999999999999,1.44
2025-06-07,MIN,TOR,4,4.0,0.31233333333333335,4.0,1.2222222222222223,chris paddack,6.0,2.25,0.85,1.0,TOR,kevin gausman,6.0,4.859999999999999,1.44
2025-06-07,MIN,TOR,4,4.0,0.30066666666666664,4.0,1.2222222222222223,chris paddack,6.0,2.25,0.85,1.0,TOR,kevin gausman,6.0,4.859999999999999,1.44
2025-06-07,MIN,TOR,4,4.0,0.30066666666666664,4.0,1.2222222222222223,chris paddack,6.0,2.25,0.85,1.0,TOR,kevin gausman,6.0,4.859999999999999,1.44
2025-06-07,MIN,TOR,4,4.0,0.31233333333333335,4.0,1.2222222222222223,chris paddack,6.0,2.25,0.85,1.0,TOR,kevin gausman,6.0,4.859999999999999,1.44
2025-06-07,MIN,TOR,4,4.0,0.31233333333333335,4.0,1.2222222222222223,chris paddack,6.0,2.25,0.85,1.0,TOR,kevin gausman,6.0,4.859999999999999,1.44
2025-06-06,NYM,COL,4,4.666666666666667,0.4053333333333333,1.3333333333333333,0.9259259259259259,kodai senga,6.0,1.9636363636363638,0.9818181818181819,1.0,COL,antonio senzatela,4.0,5.25,2.0
2025-06-06,NYM,COL,4,4.666666666666667,0.4053333333333333,2.6666666666666665,1.2962962962962965,kodai senga,6.0,1.9636363636363638,0.9818181818181819,1.0,COL,antonio senzatela,4.0,5.25,2.0
2025-06-06,NYM,COL,4,4.333333333333333,0.38866666666666666,1.3333333333333333,0.9259259259259259,kodai senga,6.0,1.9636363636363638,0.9818181818181819,1.0,COL,antonio senzatela,4.0,5.25,2.0
2025-06-06,NYM,COL,4,4.333333333333333,0.38866666666666666,2.6666666666666665,1.2962962962962965,kodai senga,6.0,1.9636363636363638,0.9818181818181819,1.0,COL,antonio senzatela,4.0,5.25,2.0
2025-06-06,NYM,COL,4,4.666666666666667,0.4053333333333333,1.3333333333333333,0.9259259259259259,kodai senga,6.0,1.9636363636363638,0.9818181818181819,1.0,COL,antonio senzatela,4.0,5.25,2.0
2025-06-06,NYM,COL,4,4.666666666666667,0.4053333333333333,2.6666666666666665,1.2962962962962965,kodai senga,6.0,1.9636363636363638,0.9818181818181819,1.0,COL,antonio senzatela,4.0,5.25,2.0
2025-06-06,NYM,COL,4,4.333333333333333,0.38866666666666666,1.3333333333333333,0.9259259259259259,kodai senga,6.0,1.9636363636363638,0.9818181818181819,1.0,COL,antonio senzatela,4.0,5.25,2.0
2025-06-06,NYM,COL,4,4.333333333333333,0.38866666666666666,2.6666666666666665,1.2962962962962965,kodai senga,6.0,1.9636363636363638,0.9818181818181819,1.0,COL,antonio senzatela,4.0,5.25,2.0
2025-06-07,NYM,COL,8,5.333333333333333,0.367,5.333333333333333,1.6296296296296298,clay holmes,6.0,2.3684210526315788,1.105263157894737,1.0,COL,german marquez,5.0,6.6,1.8
2025-06-07,NYM,COL,8,5.333333333333333,0.367,6.666666666666667,1.5925925925925926,clay holmes,6.0,2.3684210526315788,1.105263157894737,1.0,COL,german marquez,5.0,6.6,1.8
2025-06-07,NYM,COL,8,6.666666666666667,0.36199999999999993,5.333333333333333,1.6296296296296298,clay holmes,6.0,2.3684210526315788,1.105263157894737,1.0,COL,german marquez,5.0,6.6,1.8
2025-06-07,NYM,COL,8,6.666666666666667,0.36199999999999993,6.666666666666667,1.5925925925925926,clay holmes,6.0,2.3684210526315788,1.105263157894737,1.0,COL,german marquez,5.0,6.6,1.8
2025-06-07,NYM,COL,8,5.333333333333333,0.367,5.333333333333333,1.6296296296296298,clay holmes,6.0,2.3684210526315788,1.105263157894737,1.0,COL,german marquez,5.0,6.6,1.8
2025-06-07,NYM,COL,8,5.333333333333333,0.367,6.666666666666667,1.5925925925925926,clay holmes,6.0,2.3684210526315788,1.105263157894737,1.0,COL,german marquez,5.0,6.6,1.8
2025-06-07,NYM,COL,8,6.666666666666667,0.36199999999999993,5.333333333333333,1.6296296296296298,clay holmes,6.0,2.3684210526315788,1.105263157894737,1.0,COL,german marquez,5.0,6.6,1.8
2025-06-07,NYM,COL,8,6.666666666666667,0.36199999999999993,6.666666666666667,1.5925925925925926,clay holmes,6.0,2.3684210526315788,1.105263157894737,1.0,COL,german marquez,5.0,6.6,1.8
2025-06-05,NYY,CLE,4,1.3333333333333333,0.28733333333333333,1.3333333333333333,1.1342592592592593,max fried,6.0,3.176470588235294,0.8235294117647058,1.0,CLE,slade cecconi,5.0,5.651162790697675,1.6744186046511629
2025-06-05,NYY,CLE,4,1.3333333333333333,0.28733333333333333,2.6666666666666665,1.3796296296296298,max fried,6.0,3.176470588235294,0.8235294117647058,1.0,CLE,slade cecconi,5.0,5.651162790697675,1.6744186046511629
2025-06-05,NYY,CLE,4,2.6666666666666665,0.33266666666666667,1.3333333333333333,1.1342592592592593,max fried,6.0,3.176470588235294,0.8235294117647058,1.0,CLE,slade cecconi,5.0,5.651162790697675,1.6744186046511629
2025-06-05,NYY,CLE,4,2.6666666666666665,0.33266666666666667,2.6666666666666665,1.3796296296296298,max fried,6.0,3.176470588235294,0.8235294117647058,1.0,CLE,slade cecconi,5.0,5.651162790697675,1.6744186046511629
2025-06-05,NYY,CLE,4,1.3333333333333333,0.28733333333333333,1.3333333333333333,1.1342592592592593,max fried,6.0,3.176470588235294,0.8235294117647058,1.0,CLE,slade cecconi,5.0,5.651162790697675,1.6744186046511629
2025-06-05,NYY,CLE,4,1.3333333333333333,0.28733333333333333,2.6666666666666665,1.3796296296296298,max fried,6.0,3.176470588235294,0.8235294117647058,1.0,CLE,slade cecconi,5.0,5.651162790697675,1.6744186046511629
2025-06-05,NYY,CLE,4,2.6666666666666665,0.33266666666666667,1.3333333333333333,1.1342592592592593,max fried,6.0,3.176470588235294,0.8235294117647058,1.0,CLE,slade cecconi,5.0,5.651162790697675,1.6744186046511629
2025-06-05,NYY,CLE,4,2.6666666666666665,0.33266666666666667,2.6666666666666665,1.3796296296296298,max fried,6.0,3.176470588235294,0.8235294117647058,1.0,CLE,slade cecconi,5.0,5.651162790697675,1.6744186046511629
2025-06-07,NYY,BOS,7,8.333333333333334,0.3873333333333333,7.0,1.8703703703703702,ryan yarbrough,4.0,10.928571428571429,1.8571428571428572,1.0,BOS,garrett crochet,6.0,5.2105263157894735,1.105263157894737
2025-06-07,NYY,BOS,7,8.333333333333334,0.3873333333333333,6.666666666666667,1.4907407407407407,ryan yarbrough,4.0,10.928571428571429,1.8571428571428572,1.0,BOS,garrett crochet,6.0,5.2105263157894735,1.105263157894737
2025-06-07,NYY,BOS,7,7.666666666666667,0.3326666666666667,7.0,1.8703703703703702,ryan yarbrough,4.0,10.928571428571429,1.8571428571428572,1.0,BOS,garrett crochet,6.0,5.2105263157894735,1.105263157894737
2025-06-07,NYY,BOS,7,7.666666666666667,0.3326666666666667,6.666666666666667,1.4907407407407407,ryan yarbrough,4.0,10.928571428571429,1.8571428571428572,1.0,BOS,garrett crochet,6.0,5.2105263157894735,1.105263157894737
2025-06-07,NYY,BOS,7,8.333333333333334,0.3873333333333333,7.0,1.8703703703703702,ryan yarbrough,4.0,10.928571428571429,1.8571428571428572,1.0,BOS,garrett crochet,6.0,5.2105263157894735,1.105263157894737
2025-06-07,NYY,BOS,7,8.333333333333334,0.3873333333333333,6.666666666666667,1.4907407407407407,ryan yarbrough,4.0,10.928571428571429,1.8571428571428572,1.0,BOS,garrett crochet,6.0,5.2105263157894735,1.105263157894737
2025-06-07,NYY,BOS,7,7.666666666666667,0.3326666666666667,7.0,1.8703703703703702,ryan yarbrough,4.0,10.928571428571429,1.8571428571428572,1.0,BOS,garrett crochet,6.0,5.2105263157894735,1.105263157894737
2025-06-07,NYY,BOS,7,7.666666666666667,0.3326666666666667,6.666666666666667,1.4907407407407407,ryan yarbrough,4.0,10.928571428571429,1.8571428571428572,1.0,BOS,garrett crochet,6.0,5.2105263157894735,1.105263157894737
2025-06-07,PHI,PIT,1,3.0,0.22433333333333336,3.0,0.8888888888888893,ranger suarez,7.0,2.25,0.95,1.0,PIT,andrew heaney,6.0,2.0377358490566038,0.7358490566037735
2025-06-07,PHI,PIT,1,3.0,0.22433333333333336,2.0,0.666666666666667,ranger suarez,7.0,2.25,0.95,1.0,PIT,andrew heaney,6.0,2.0377358490566038,0.7358490566037735
2025-06-07,PHI,PIT,1,2.0,0.17866666666666667,3.0,0.8888888888888893,ranger suarez,7.0,2.25,0.95,1.0,PIT,andrew heaney,6.0,2.0377358490566038,0.7358490566037735
2025-06-07,PHI,PIT,1,2.0,0.17866666666666667,2.0,0.666666666666667,ranger suarez,7.0,2.25,0.95,1.0,PIT,andrew heaney,6.0,2.0377358490566038,0.7358490566037735
2025-06-07,PHI,PIT,1,3.0,0.22433333333333336,3.0,0.8888888888888893,ranger suarez,7.0,2.25,0.95,1.0,PIT,andrew heaney,6.0,2.0377358490566038,0.7358490566037735
2025-06-07,PHI,PIT,1,3.0,0.22433333333333336,2.0,0.666666666666667,ranger suarez,7.0,2.25,0.95,1.0,PIT,andrew heaney,6.0,2.0377358490566038,0.7358490566037735
2025-06-07,PHI,PIT,1,2.0,0.17866666666666667,3.0,0.8888888888888893,ranger suarez,7.0,2.25,0.95,1.0,PIT,andrew heaney,6.0,2.0377358490566038,0.7358490566037735
2025-06-07,PHI,PIT,1,2.0,0.17866666666666667,2.0,0.666666666666667,ranger suarez,7.0,2.25,0.95,1.0,PIT,andrew heaney,6.0,2.0377358490566038,0.7358490566037735
2025-06-05,PIT,HOU,2,2.6666666666666665,0.3053333333333334,2.6666666666666665,1.1666666666666667,mitch keller,6.333333333333333,7.232142857142858,1.2321428571428572,1.0,HOU,framber valdez,7.0,1.9565217391304348,0.782608695652174
2025-06-05,PIT,HOU,2,2.6666666666666665,0.3053333333333334,2.3333333333333335,1.0833333333333333,mitch keller,6.333333333333333,7.232142857142858,1.2321428571428572,1.0,HOU,framber valdez,7.0,1.9565217391304348,0.782608695652174
2025-06-05,PIT,HOU,2,2.3333333333333335,0.27766666666666673,2.6666666666666665,1.1666666666666667,mitch keller,6.333333333333333,7.232142857142858,1.2321428571428572,1.0,HOU,framber valdez,7.0,1.9565217391304348,0.782608695652174
2025-06-05,PIT,HOU,2,2.3333333333333335,0.27766666666666673,2.3333333333333335,1.0833333333333333,mitch keller,6.333333333333333,7.232142857142858,1.2321428571428572,1.0,HOU,framber valdez,7.0,1.9565217391304348,0.782608695652174
2025-06-05,PIT,HOU,2,2.6666666666666665,0.3053333333333334,2.6666666666666665,1.1666666666666667,mitch keller,6.333333333333333,7.232142857142858,1.2321428571428572,1.0,HOU,framber valdez,7.0,1.9565217391304348,0.782608695652174
2025-06-05,PIT,HOU,2,2.6666666666666665,0.3053333333333334,2.3333333333333335,1.0833333333333333,mitch keller,6.333333333333333,7.232142857142858,1.2321428571428572,1.0,HOU,framber valdez,7.0,1.9565217391304348,0.782608695652174
2025-06-05,PIT,HOU,2,2.3333333333333335,0.27766666666666673,2.6666666666666665,1.1666666666666667,mitch keller,6.333333333333333,7.232142857142858,1.2321428571428572,1.0,HOU,framber valdez,7.0,1.9565217391304348,0.782608695652174
2025-06-05,PIT,HOU,2,2.3333333333333335,0.27766666666666673,2.3333333333333335,1.0833333333333333,mitch keller,6.333333333333333,7.232142857142858,1.2321428571428572,1.0,HOU,framber valdez,7.0,1.9565217391304348,0.782608695652174
2025-06-07,PIT,PHI,2,4.0,0.34933333333333344,4.0,1.4871794871794872,andrew heaney,6.0,2.0377358490566038,0.7358490566037735,1.0,PHI,ranger suarez,7.0,2.25,0.95
2025-06-07,PIT,PHI,2,4.0,0.34933333333333344,3.0,1.2435897435897436,andrew heaney,6.0,2.0377358490566038,0.7358490566037735,1.0,PHI,ranger suarez,7.0,2.25,0.95
2025-06-07,PIT,PHI,2,3.0,0.30366666666666675,4.0,1.4871794871794872,andrew heaney,6.0,2.0377358490566038,0.7358490566037735,1.0,PHI,ranger suarez,7.0,2.25,0.95
2025-06-07,PIT,PHI,2,3.0,0.30366666666666675,3.0,1.2435897435897436,andrew heaney,6.0,2.0377358490566038,0.7358490566037735,1.0,PHI,ranger suarez,7.0,2.25,0.95
2025-06-07,PIT,PHI,2,4.0,0.34933333333333344,4.0,1.4871794871794872,andrew heaney,6.0,2.0377358490566038,0.7358490566037735,1.0,PHI,ranger suarez,7.0,2.25,0.95
2025-06-07,PIT,PHI,2,4.0,0.34933333333333344,3.0,1.2435897435897436,andrew heaney,6.0,2.0377358490566038,0.7358490566037735,1.0,PHI,ranger suarez,7.0,2.25,0.95
2025-06-07,PIT,PHI,2,3.0,0.30366666666666675,4.0,1.4871794871794872,andrew heaney,6.0,2.0377358490566038,0.7358490566037735,1.0,PHI,ranger suarez,7.0,2.25,0.95
2025-06-07,PIT,PHI,2,3.0,0.30366666666666675,3.0,1.2435897435897436,andrew heaney,6.0,2.0377358490566038,0.7358490566037735,1.0,PHI,ranger suarez,7.0,2.25,0.95
2025-06-04,SDP,SFG,5,3.0,0.3063333333333333,2.3333333333333335,1.2518518518518518,nick pivetta,6.0,6.0,1.1111111111111112,0.0,SFG,kyle harrison,4.333333333333333,6.585365853658537,1.7560975609756098
2025-06-04,SDP,SFG,5,3.0,0.3063333333333333,4.0,1.5703703703703704,nick pivetta,6.0,6.0,1.1111111111111112,0.0,SFG,kyle harrison,4.333333333333333,6.585365853658537,1.7560975609756098
2025-06-04,SDP,SFG,5,4.333333333333333,0.3533333333333333,2.3333333333333335,1.2518518518518518,nick pivetta,6.0,6.0,1.1111111111111112,0.0,SFG,kyle harrison,4.333333333333333,6.585365853658537,1.7560975609756098
2025-06-04,SDP,SFG,5,4.333333333333333,0.3533333333333333,4.0,1.5703703703703704,nick pivetta,6.0,6.0,1.1111111111111112,0.0,SFG,kyle harrison,4.333333333333333,6.585365853658537,1.7560975609756098
2025-06-04,SDP,SFG,5,3.0,0.3063333333333333,2.3333333333333335,1.2518518518518518,nick pivetta,6.0,6.0,1.1111111111111112,0.0,SFG,kyle harrison,4.333333333333333,6.585365853658537,1.7560975609756098
2025-06-04,SDP,SFG,5,3.0,0.3063333333333333,4.0,1.5703703703703704,nick pivetta,6.0,6.0,1.1111111111111112,0.0,SFG,kyle harrison,4.333333333333333,6.585365853658537,1.7560975609756098
2025-06-04,SDP,SFG,5,4.333333333333333,0.3533333333333333,2.3333333333333335,1.2518518518518518,nick pivetta,6.0,6.0,1.1111111111111112,0.0,SFG,kyle harrison,4.333333333333333,6.585365853658537,1.7560975609756098
2025-06-04,SDP,SFG,5,4.333333333333333,0.3533333333333333,4.0,1.5703703703703704,nick pivetta,6.0,6.0,1.1111111111111112,0.0,SFG,kyle harrison,4.333333333333333,6.585365853658537,1.7560975609756098
2025-06-05,SDP,SFG,2,4.0,0.3056666666666666,4.0,1.3333333333333333,dylan cease,5.0,5.5227272727272725,1.6363636363636362,1.0,SFG,robbie ray,7.0,2.142857142857143,0.7142857142857143
2025-06-05,SDP,SFG,2,4.0,0.3056666666666666,3.0,1.1111111111111112,dylan cease,5.0,5.5227272727272725,1.6363636363636362,1.0,SFG,robbie ray,7.0,2.142857142857143,0.7142857142857143
2025-06-05,SDP,SFG,2,3.0,0.2703333333333333,4.0,1.3333333333333333,dylan cease,5.0,5.5227272727272725,1.6363636363636362,1.0,SFG,robbie ray,7.0,2.142857142857143,0.7142857142857143
2025-06-05,SDP,SFG,2,3.0,0.2703333333333333,3.0,1.1111111111111112,dylan cease,5.0,5.5227272727272725,1.6363636363636362,1.0,SFG,robbie ray,7.0,2.142857142857143,0.7142857142857143
2025-06-05,SDP,SFG,2,4.0,0.3056666666666666,4.0,1.3333333333333333,dylan cease,5.0,5.5227272727272725,1.6363636363636362,1.0,SFG,robbie ray,7.0,2.142857142857143,0.7142857142857143
2025-06-05,SDP,SFG,2,4.0,0.3056666666666666,3.0,1.1111111111111112,dylan cease,5.0,5.5227272727272725,1.6363636363636362,1.0,SFG,robbie ray,7.0,2.142857142857143,0.7142857142857143
2025-06-05,SDP,SFG,2,3.0,0.2703333333333333,4.0,1.3333333333333333,dylan cease,5.0,5.5227272727272725,1.6363636363636362,1.0,SFG,robbie ray,7.0,2.142857142857143,0.7142857142857143
2025-06-05,SDP,SFG,2,3.0,0.2703333333333333,3.0,1.1111111111111112,dylan cease,5.0,5.5227272727272725,1.6363636363636362,1.0,SFG,robbie ray,7.0,2.142857142857143,0.7142857142857143
2025-06-06,SDP,MIL,2,2.0,0.2556666666666666,1.3333333333333333,1.0740740740740737,randy vasquez,4.666666666666667,2.8421052631578947,1.657894736842105,1.0,MIL,chad patrick,6.0,2.0,1.0555555555555556
2025-06-06,SDP,MIL,2,2.0,0.2556666666666666,1.6666666666666667,1.148148148148148,randy vasquez,4.666666666666667,2.8421052631578947,1.657894736842105,1.0,MIL,chad patrick,6.0,2.0,1.0555555555555556
2025-06-06,SDP,MIL,2,2.0,0.27633333333333326,1.3333333333333333,1.0740740740740737,randy vasquez,4.666666666666667,2.8421052631578947,1.657894736842105,1.0,MIL,chad patrick,6.0,2.0,1.0555555555555556
2025-06-06,SDP,MIL,2,2.0,0.27633333333333326,1.6666666666666667,1.148148148148148,randy vasquez,4.666666666666667,2.8421052631578947,1.657894736842105,1.0,MIL,chad patrick,6.0,2.0,1.0555555555555556
2025-06-06,SDP,MIL,2,2.0,0.2556666666666666,1.3333333333333333,1.0740740740740737,randy vasquez,4.666666666666667,2.8421052631578947,1.657894736842105,1.0,MIL,chad patrick,6.0,2.0,1.0555555555555556
2025-06-06,SDP,MIL,2,2.0,0.2556666666666666,1.6666666666666667,1.148148148148148,randy vasquez,4.666666666666667,2.8421052631578947,1.657894736842105,1.0,MIL,chad patrick,6.0,2.0,1.0555555555555556
2025-06-06,SDP,MIL,2,2.0,0.27633333333333326,1.3333333333333333,1.0740740740740737,randy vasquez,4.666666666666667,2.8421052631578947,1.657894736842105,1.0,MIL,chad patrick,6.0,2.0,1.0555555555555556
2025-06-06,SDP,MIL,2,2.0,0.27633333333333326,1.6666666666666667,1.148148148148148,randy vasquez,4.666666666666667,2.8421052631578947,1.657894736842105,1.0,MIL,chad patrick,6.0,2.0,1.0555555555555556
2025-06-07,SDP,MIL,3,2.3333333333333335,0.3006666666666666,2.3333333333333335,1.2592592592592589,stephen kolek,5.666666666666667,0.0,1.1176470588235294,1.0,MIL,jose quintana,5.0,2.4,1.6
2025-06-07,SDP,MIL,3,2.3333333333333335,0.3006666666666666,2.6666666666666665,1.296296296296296,stephen kolek,5.666666666666667,0.0,1.1176470588235294,1.0,MIL,jose quintana,5.0,2.4,1.6
2025-06-07,SDP,MIL,3,2.6666666666666665,0.3043333333333333,2.3333333333333335,1.2592592592592589,stephen kolek,5.666666666666667,0.0,1.1176470588235294,1.0,MIL,jose quintana,5.0,2.4,1.6
2025-06-07,SDP,MIL,3,2.6666666666666665,0.3043333333333333,2.6666666666666665,1.296296296296296,stephen kolek,5.666666666666667,0.0,1.1176470588235294,1.0,MIL,jose quintana,5.0,2.4,1.6
2025-06-07,SDP,MIL,3,2.3333333333333335,0.3006666666666666,2.3333333333333335,1.2592592592592589,stephen kolek,5.666666666666667,0.0,1.1176470588235294,1.0,MIL,jose quintana,5.0,2.4,1.6
2025-06-07,SDP,MIL,3,2.3333333333333335,0.3006666666666666,2.6666666666666665,1.296296296296296,stephen kolek,5.666666666666667,0.0,1.1176470588235294,1.0,MIL,jose quintana,5.0,2.4,1.6
2025-06-07,SDP,MIL,3,2.6666666666666665,0.3043333333333333,2.3333333333333335,1.2592592592592589,stephen kolek,5.666666666666667,0.0,1.1176470588235294,1.0,MIL,jose quintana,5.0,2.4,1.6
2025-06-07,SDP,MIL,3,2.6666666666666665,0.3043333333333333,2.6666666666666665,1.296296296296296,stephen kolek,5.666666666666667,0.0,1.1176470588235294,1.0,MIL,jose quintana,5.0,2.4,1.6
2025-06-05,SEA,BAL,3,2.3333333333333335,0.26,2.3333333333333335,0.925925925925926,bryan woo,6.0,5.303571428571428,1.0178571428571428,1.0,BAL,zach eflin,6.0,2.8421052631578947,1.105263157894737
2025-06-05,SEA,BAL,3,2.3333333333333335,0.26,2.6666666666666665,0.9629629629629631,bryan woo,6.0,5.303571428571428,1.0178571428571428,1.0,BAL,zach eflin,6.0,2.8421052631578947,1.105263157894737
2025-06-05,SEA,BAL,3,2.6666666666666665,0.25500000000000006,2.3333333333333335,0.925925925925926,bryan woo,6.0,5.303571428571428,1.0178571428571428,1.0,BAL,zach eflin,6.0,2.8421052631578947,1.105263157894737
2025-06-05,SEA,BAL,3,2.6666666666666665,0.25500000000000006,2.6666666666666665,0.9629629629629631,bryan woo,6.0,5.303571428571428,1.0178571428571428,1.0,BAL,zach eflin,6.0,2.8421052631578947,1.105263157894737
2025-06-05,SEA,BAL,3,2.3333333333333335,0.26,2.3333333333333335,0.925925925925926,bryan woo,6.0,5.303571428571428,1.0178571428571428,1.0,BAL,zach eflin,6.0,2.8421052631578947,1.105263157894737
2025-06-05,SEA,BAL,3,2.3333333333333335,0.26,2.6666666666666665,0.9629629629629631,bryan woo,6.0,5.303571428571428,1.0178571428571428,1.0,BAL,zach eflin,6.0,2.8421052631578947,1.105263157894737
2025-06-05,SEA,BAL,3,2.6666666666666665,0.25500000000000006,2.3333333333333335,0.925925925925926,bryan woo,6.0,5.303571428571428,1.0178571428571428,1.0,BAL,zach eflin,6.0,2.8421052631578947,1.105263157894737
2025-06-05,SEA,BAL,3,2.6666666666666665,0.25500000000000006,2.6666666666666665,0.9629629629629631,bryan woo,6.0,5.303571428571428,1.0178571428571428,1.0,BAL,zach eflin,6.0,2.8421052631578947,1.105263157894737
2025-06-06,SEA,LAA,4,3.3333333333333335,0.26566666666666666,7.333333333333333,1.7674074074074078,bryce miller,5.0,8.357142857142858,1.4285714285714286,1.0,LAA,kyle hendricks,6.0,6.113207547169811,1.641509433962264
2025-06-06,SEA,LAA,4,3.3333333333333335,0.26566666666666666,5.666666666666667,1.4948148148148153,bryce miller,5.0,8.357142857142858,1.4285714285714286,1.0,LAA,kyle hendricks,6.0,6.113207547169811,1.641509433962264
2025-06-06,SEA,LAA,4,3.6666666666666665,0.2813333333333334,7.333333333333333,1.7674074074074078,bryce miller,5.0,8.357142857142858,1.4285714285714286,1.0,LAA,kyle hendricks,6.0,6.113207547169811,1.641509433962264
2025-06-06,SEA,LAA,4,3.6666666666666665,0.2813333333333334,5.666666666666667,1.4948148148148153,bryce miller,5.0,8.357142857142858,1.4285714285714286,1.0,LAA,kyle hendricks,6.0,6.113207547169811,1.641509433962264
2025-06-06,SEA,LAA,4,3.3333333333333335,0.26566666666666666,7.333333333333333,1.7674074074074078,bryce miller,5.0,8.357142857142858,1.4285714285714286,1.0,LAA,kyle hendricks,6.0,6.113207547169811,1.641509433962264
2025-06-06,SEA,LAA,4,3.3333333333333335,0.26566666666666666,5.666666666666667,1.4948148148148153,bryce miller,5.0,8.357142857142858,1.4285714285714286,1.0,LAA,kyle hendricks,6.0,6.113207547169811,1.641509433962264
2025-06-06,SEA,LAA,4,3.6666666666666665,0.2813333333333334,7.333333333333333,1.7674074074074078,bryce miller,5.0,8.357142857142858,1.4285714285714286,1.0,LAA,kyle hendricks,6.0,6.113207547169811,1.641509433962264
2025-06-06,SEA,LAA,4,3.6666666666666665,0.2813333333333334,5.666666666666667,1.4948148148148153,bryce miller,5.0,8.357142857142858,1.4285714285714286,1.0,LAA,kyle hendricks,6.0,6.113207547169811,1.641509433962264
2025-06-04,SFG,SDP,6,2.6666666666666665,0.2873333333333334,2.6666666666666665,1.0833333333333333,kyle harrison,4.333333333333333,6.585365853658537,1.7560975609756098,1.0,SDP,nick pivetta,6.0,6.0,1.1111111111111112
2025-06-04,SFG,SDP,6,2.6666666666666665,0.2873333333333334,4.666666666666667,1.133333333333333,kyle harrison,4.333333333333333,6.585365853658537,1.7560975609756098,1.0,SDP,nick pivetta,6.0,6.0,1.1111111111111112
2025-06-04,SFG,SDP,6,4.666666666666667,0.27699999999999997,2.6666666666666665,1.0833333333333333,kyle harrison,4.333333333333333,6.585365853658537,1.7560975609756098,1.0,SDP,nick pivetta,6.0,6.0,1.1111111111111112
2025-06-04,SFG,SDP,6,4.666666666666667,0.27699999999999997,4.666666666666667,1.133333333333333,kyle harrison,4.333333333333333,6.585365853658537,1.7560975609756098,1.0,SDP,nick pivetta,6.0,6.0,1.1111111111111112
2025-06-04,SFG,SDP,6,2.6666666666666665,0.2873333333333334,2.6666666666666665,1.0833333333333333,kyle harrison,4.333333333333333,6.585365853658537,1.7560975609756098,1.0,SDP,nick pivetta,6.0,6.0,1.1111111111111112
2025-06-04,SFG,SDP,6,2.6666666666666665,0.2873333333333334,4.666666666666667,1.133333333333333,kyle harrison,4.333333333333333,6.585365853658537,1.7560975609756098,1.0,SDP,nick pivetta,6.0,6.0,1.1111111111111112
2025-06-04,SFG,SDP,6,4.666666666666667,0.27699999999999997,2.6666666666666665,1.0833333333333333,kyle harrison,4.333333333333333,6.585365853658537,1.7560975609756098,1.0,SDP,nick pivetta,6.0,6.0,1.1111111111111112
2025-06-04,SFG,SDP,6,4.666666666666667,0.27699999999999997,4.666666666666667,1.133333333333333,kyle harrison,4.333333333333333,6.585365853658537,1.7560975609756098,1.0,SDP,nick pivetta,6.0,6.0,1.1111111111111112
2025-06-05,SFG,SDP,3,5.0,0.294,5.0,1.25,robbie ray,7.0,2.142857142857143,0.7142857142857143,1.0,SDP,dylan cease,5.0,5.5227272727272725,1.6363636363636362
2025-06-05,SFG,SDP,3,5.0,0.294,4.0,1.25,robbie ray,7.0,2.142857142857143,0.7142857142857143,1.0,SDP,dylan cease,5.0,5.5227272727272725,1.6363636363636362
2025-06-05,SFG,SDP,3,4.0,0.294,5.0,1.25,robbie ray,7.0,2.142857142857143,0.7142857142857143,1.0,SDP,dylan cease,5.0,5.5227272727272725,1.6363636363636362
2025-06-05,SFG,SDP,3,4.0,0.294,4.0,1.25,robbie ray,7.0,2.142857142857143,0.7142857142857143,1.0,SDP,dylan cease,5.0,5.5227272727272725,1.6363636363636362
2025-06-05,SFG,SDP,3,5.0,0.294,5.0,1.25,robbie ray,7.0,2.142857142857143,0.7142857142857143,1.0,SDP,dylan cease,5.0,5.5227272727272725,1.6363636363636362
2025-06-05,SFG,SDP,3,5.0,0.294,4.0,1.25,robbie ray,7.0,2.142857142857143,0.7142857142857143,1.0,SDP,dylan cease,5.0,5.5227272727272725,1.6363636363636362
2025-06-05,SFG,SDP,3,4.0,0.294,5.0,1.25,robbie ray,7.0,2.142857142857143,0.7142857142857143,1.0,SDP,dylan cease,5.0,5.5227272727272725,1.6363636363636362
2025-06-05,SFG,SDP,3,4.0,0.294,4.0,1.25,robbie ray,7.0,2.142857142857143,0.7142857142857143,1.0,SDP,dylan cease,5.0,5.5227272727272725,1.6363636363636362
2025-06-06,SFG,ATL,5,3.6666666666666665,0.29233333333333333,8.333333333333334,1.7126436781609193,hayden birdsong,4.333333333333333,3.2142857142857144,1.3571428571428572,1.0,ATL,spencer schwellenbach,6.0,2.9454545454545458,1.1454545454545455
2025-06-06,SFG,ATL,5,3.6666666666666665,0.29233333333333333,5.666666666666667,1.425287356321839,hayden birdsong,4.333333333333333,3.2142857142857144,1.3571428571428572,1.0,ATL,spencer schwellenbach,6.0,2.9454545454545458,1.1454545454545455
2025-06-06,SFG,ATL,5,4.333333333333333,0.29066666666666663,8.333333333333334,1.7126436781609193,hayden birdsong,4.333333333333333,3.2142857142857144,1.3571428571428572,1.0,ATL,spencer schwellenbach,6.0,2.9454545454545458,1.1454545454545455
2025-06-06,SFG,ATL,5,4.333333333333333,0.29066666666666663,5.666666666666667,1.425287356321839,hayden birdsong,4.333333333333333,3.2142857142857144,1.3571428571428572,1.0,ATL,spencer schwellenbach,6.0,2.9454545454545458,1.1454545454545455
2025-06-06,SFG,ATL,5,3.6666666666666665,0.29233333333333333,8.333333333333334,1.7126436781609193,hayden birdsong,4.333333333333333,3.2142857142857144,1.3571428571428572,1.0,ATL,spencer schwellenbach,6.0,2.9454545454545458,1.1454545454545455
2025-06-06,SFG,ATL,5,3.6666666666666665,0.29233333333333333,5.666666666666667,1.425287356321839,hayden birdsong,4.333333333333333,3.2142857142857144,1.3571428571428572,1.0,ATL,spencer schwellenbach,6.0,2.9454545454545458,1.1454545454545455
2025-06-06,SFG,ATL,5,4.333333333333333,0.29066666666666663,8.333333333333334,1.7126436781609193,hayden birdsong,4.333333333333333,3.2142857142857144,1.3571428571428572,1.0,ATL,spencer schwellenbach,6.0,2.9454545454545458,1.1454545454545455
2025-06-06,SFG,ATL,5,4.333333333333333,0.29066666666666663,5.666666666666667,1.425287356321839,hayden birdsong,4.333333333333333,3.2142857142857144,1.3571428571428572,1.0,ATL,spencer schwellenbach,6.0,2.9454545454545458,1.1454545454545455
2025-06-07,SFG,ATL,3,4.333333333333333,0.24633333333333332,3.0,0.9509283819628647,logan webb,6.0,1.8,0.9,1.0,ATL,bryce elder,8.0,2.109375,0.703125
2025-06-07,SFG,ATL,3,4.333333333333333,0.24633333333333332,3.0,0.7639257294429708,logan webb,6.0,1.8,0.9,1.0,ATL,bryce elder,8.0,2.109375,0.703125
2025-06-07,SFG,ATL,3,3.6666666666666665,0.20366666666666666,3.0,0.9509283819628647,logan webb,6.0,1.8,0.9,1.0,ATL,bryce elder,8.0,2.109375,0.703125
2025-06-07,SFG,ATL,3,3.6666666666666665,0.20366666666666666,3.0,0.7639257294429708,logan webb,6.0,1.8,0.9,1.0,ATL,bryce elder,8.0,2.109375,0.703125
2025-06-07,SFG,ATL,3,4.333333333333333,0.24633333333333332,3.0,0.9509283819628647,logan webb,6.0,1.8,0.9,1.0,ATL,bryce elder,8.0,2.109375,0.703125
2025-06-07,SFG,ATL,3,4.333333333333333,0.24633333333333332,3.0,0.7639257294429708,logan webb,6.0,1.8,0.9,1.0,ATL,bryce elder,8.0,2.109375,0.703125
2025-06-07,SFG,ATL,3,3.6666666666666665,0.20366666666666666,3.0,0.9509283819628647,logan webb,6.0,1.8,0.9,1.0,ATL,bryce elder,8.0,2.109375,0.703125
2025-06-07,SFG,ATL,3,3.6666666666666665,0.20366666666666666,3.0,0.7639257294429708,logan webb,6.0,1.8,0.9,1.0,ATL,bryce elder,8.0,2.109375,0.703125
2025-06-07,STL,LAD,2,4.0,0.32300000000000006,4.0,1.2916666666666667,erick fedde,5.333333333333333,1.08,1.3800000000000001,1.0,LAD,yoshinobu yamamoto,6.0,2.297872340425532,1.4042553191489362
2025-06-07,STL,LAD,2,4.0,0.32300000000000006,3.0,1.3333333333333333,erick fedde,5.333333333333333,1.08,1.3800000000000001,1.0,LAD,yoshinobu yamamoto,6.0,2.297872340425532,1.4042553191489362
2025-06-07,STL,LAD,2,3.0,0.333,4.0,1.2916666666666667,erick fedde,5.333333333333333,1.08,1.3800000000000001,1.0,LAD,yoshinobu yamamoto,6.0,2.297872340425532,1.4042553191489362
2025-06-07,STL,LAD,2,3.0,0.333,3.0,1.3333333333333333,erick fedde,5.333333333333333,1.08,1.3800000000000001,1.0,LAD,yoshinobu yamamoto,6.0,2.297872340425532,1.4042553191489362
2025-06-07,STL,LAD,2,4.0,0.32300000000000006,4.0,1.2916666666666667,erick fedde,5.333333333333333,1.08,1.3800000000000001,1.0,LAD,yoshinobu yamamoto,6.0,2.297872340425532,1.4042553191489362
2025-06-07,STL,LAD,2,4.0,0.32300000000000006,3.0,1.3333333333333333,erick fedde,5.333333333333333,1.08,1.3800000000000001,1.0,LAD,yoshinobu yamamoto,6.0,2.297872340425532,1.4042553191489362
2025-06-07,STL,LAD,2,3.0,0.333,4.0,1.2916666666666667,erick fedde,5.333333333333333,1.08,1.3800000000000001,1.0,LAD,yoshinobu yamamoto,6.0,2.297872340425532,1.4042553191489362
2025-06-07,STL,LAD,2,3.0,0.333,3.0,1.3333333333333333,erick fedde,5.333333333333333,1.08,1.3800000000000001,1.0,LAD,yoshinobu yamamoto,6.0,2.297872340425532,1.4042553191489362
2025-06-05,TBR,TEX,4,4.666666666666667,0.3143333333333333,4.666666666666667,1.2628205128205128,ryan pepiot,6.0,1.9285714285714284,0.6964285714285714,1.0,TEX,jack leiter,5.0,1.1489361702127658,0.8297872340425532
2025-06-05,TBR,TEX,4,4.666666666666667,0.3143333333333333,4.333333333333333,1.1506410256410258,ryan pepiot,6.0,1.9285714285714284,0.6964285714285714,1.0,TEX,jack leiter,5.0,1.1489361702127658,0.8297872340425532
2025-06-05,TBR,TEX,4,4.333333333333333,0.2856666666666666,4.666666666666667,1.2628205128205128,ryan pepiot,6.0,1.9285714285714284,0.6964285714285714,1.0,TEX,jack leiter,5.0,1.1489361702127658,0.8297872340425532
2025-06-05,TBR,TEX,4,4.333333333333333,0.2856666666666666,4.333333333333333,1.1506410256410258,ryan pepiot,6.0,1.9285714285714284,0.6964285714285714,1.0,TEX,jack leiter,5.0,1.1489361702127658,0.8297872340425532
2025-06-05,TBR,TEX,4,4.666666666666667,0.3143333333333333,4.666666666666667,1.2628205128205128,ryan pepiot,6.0,1.9285714285714284,0.6964285714285714,1.0,TEX,jack leiter,5.0,1.1489361702127658,0.8297872340425532
2025-06-05,TBR,TEX,4,4.666666666666667,0.3143333333333333,4.333333333333333,1.1506410256410258,ryan pepiot,6.0,1.9285714285714284,0.6964285714285714,1.0,TEX,jack leiter,5.0,1.1489361702127658,0.8297872340425532
2025-06-05,TBR,TEX,4,4.333333333333333,0.2856666666666666,4.666666666666667,1.2628205128205128,ryan pepiot,6.0,1.9285714285714284,0.6964285714285714,1.0,TEX,jack leiter,5.0,1.1489361702127658,0.8297872340425532
2025-06-05,TBR,TEX,4,4.333333333333333,0.2856666666666666,4.333333333333333,1.1506410256410258,ryan pepiot,6.0,1.9285714285714284,0.6964285714285714,1.0,TEX,jack leiter,5.0,1.1489361702127658,0.8297872340425532
2025-06-06,TBR,MIA,4,4.0,0.2973333333333333,2.6666666666666665,1.101851851851852,zack littell,6.0,2.142857142857143,1.0952380952380953,1.0,MIA,edward cabrera,4.0,1.3170731707317072,1.8292682926829267
2025-06-06,TBR,MIA,4,4.0,0.2973333333333333,2.3333333333333335,1.4259259259259263,zack littell,6.0,2.142857142857143,1.0952380952380953,1.0,MIA,edward cabrera,4.0,1.3170731707317072,1.8292682926829267
2025-06-06,TBR,MIA,4,4.0,0.3376666666666666,2.6666666666666665,1.101851851851852,zack littell,6.0,2.142857142857143,1.0952380952380953,1.0,MIA,edward cabrera,4.0,1.3170731707317072,1.8292682926829267
2025-06-06,TBR,MIA,4,4.0,0.3376666666666666,2.3333333333333335,1.4259259259259263,zack littell,6.0,2.142857142857143,1.0952380952380953,1.0,MIA,edward cabrera,4.0,1.3170731707317072,1.8292682926829267
2025-06-06,TBR,MIA,4,4.0,0.2973333333333333,2.6666666666666665,1.101851851851852,zack littell,6.0,2.142857142857143,1.0952380952380953,1.0,MIA,edward cabrera,4.0,1.3170731707317072,1.8292682926829267
2025-06-06,TBR,MIA,4,4.0,0.2973333333333333,2.3333333333333335,1.4259259259259263,zack littell,6.0,2.142857142857143,1.0952380952380953,1.0,MIA,edward cabrera,4.0,1.3170731707317072,1.8292682926829267
2025-06-06,TBR,MIA,4,4.0,0.3376666666666666,2.6666666666666665,1.101851851851852,zack littell,6.0,2.142857142857143,1.0952380952380953,1.0,MIA,edward cabrera,4.0,1.3170731707317072,1.8292682926829267
2025-06-06,TBR,MIA,4,4.0,0.3376666666666666,2.3333333333333335,1.4259259259259263,zack littell,6.0,2.142857142857143,1.0952380952380953,1.0,MIA,edward cabrera,4.0,1.3170731707317072,1.8292682926829267
2025-06-05,TEX,TBR,3,3.6666666666666665,0.2753333333333334,3.0,1.1481481481481481,jack leiter,5.0,1.1489361702127658,0.8297872340425532,0.0,TBR,ryan pepiot,6.0,1.9285714285714284,0.6964285714285714
2025-06-05,TEX,TBR,3,3.6666666666666665,0.2753333333333334,3.0,1.1851851851851851,jack leiter,5.0,1.1489361702127658,0.8297872340425532,0.0,TBR,ryan pepiot,6.0,1.9285714285714284,0.6964285714285714
2025-06-05,TEX,TBR,3,3.3333333333333335,0.2946666666666667,3.0,1.1481481481481481,jack leiter,5.0,1.1489361702127658,0.8297872340425532,0.0,TBR,ryan pepiot,6.0,1.9285714285714284,0.6964285714285714
2025-06-05,TEX,TBR,3,3.3333333333333335,0.2946666666666667,3.0,1.1851851851851851,jack leiter,5.0,1.1489361702127658,0.8297872340425532,0.0,TBR,ryan pepiot,6.0,1.9285714285714284,0.6964285714285714
2025-06-05,TEX,TBR,3,3.6666666666666665,0.2753333333333334,3.0,1.1481481481481481,jack leiter,5.0,1.1489361702127658,0.8297872340425532,0.0,TBR,ryan pepiot,6.0,1.9285714285714284,0.6964285714285714
2025-06-05,TEX,TBR,3,3.6666666666666665,0.2753333333333334,3.0,1.1851851851851851,jack leiter,5.0,1.1489361702127658,0.8297872340425532,0.0,TBR,ryan pepiot,6.0,1.9285714285714284,0.6964285714285714
2025-06-05,TEX,TBR,3,3.3333333333333335,0.2946666666666667,3.0,1.1481481481481481,jack leiter,5.0,1.1489361702127658,0.8297872340425532,0.0,TBR,ryan pepiot,6.0,1.9285714285714284,0.6964285714285714
2025-06-05,TEX,TBR,3,3.3333333333333335,0.2946666666666667,3.0,1.1851851851851851,jack leiter,5.0,1.1489361702127658,0.8297872340425532,0.0,TBR,ryan pepiot,6.0,1.9285714285714284,0.6964285714285714
2025-06-06,TEX,WSN,0,2.0,0.251,4.666666666666667,1.5185185185185188,patrick corbin,8.0,2.53125,0.703125,1.0,WSN,michael soroka,6.0,2.076923076923077,0.75
2025-06-06,TEX,WSN,0,2.0,0.251,2.3333333333333335,0.9259259259259259,patrick corbin,8.0,2.53125,0.703125,1.0,WSN,michael soroka,6.0,2.076923076923077,0.75
2025-06-06,TEX,WSN,0,1.0,0.18800000000000003,4.666666666666667,1.5185185185185188,patrick corbin,8.0,2.53125,0.703125,1.0,WSN,michael soroka,6.0,2.076923076923077,0.75
2025-06-06,TEX,WSN,0,1.0,0.18800000000000003,2.3333333333333335,0.9259259259259259,patrick corbin,8.0,2.53125,0.703125,1.0,WSN,michael soroka,6.0,2.076923076923077,0.75
2025-06-06,TEX,WSN,0,2.0,0.251,4.666666666666667,1.5185185185185188,patrick corbin,8.0,2.53125,0.703125,1.0,WSN,michael soroka,6.0,2.076923076923077,0.75
2025-06-06,TEX,WSN,0,2.0,0.251,2.3333333333333335,0.9259259259259259,patrick corbin,8.0,2.53125,0.703125,1.0,WSN,michael soroka,6.0,2.076923076923077,0.75
2025-06-06,TEX,WSN,0,1.0,0.18800000000000003,4.666666666666667,1.5185185185185188,patrick corbin,8.0,2.53125,0.703125,1.0,WSN,michael soroka,6.0,2.076923076923077,0.75
2025-06-06,TEX,WSN,0,1.0,0.18800000000000003,2.3333333333333335,0.9259259259259259,patrick corbin,8.0,2.53125,0.703125,1.0,WSN,michael soroka,6.0,2.076923076923077,0.75
2025-06-07,TEX,WSN,5,1.6666666666666667,0.18866666666666668,1.3333333333333333,0.6666666666666666,jacob degrom,7.0,0.45,0.55,1.0,WSN,mitchell parker,6.0,2.6470588235294117,0.7647058823529411
2025-06-07,TEX,WSN,5,1.6666666666666667,0.18866666666666668,2.6666666666666665,1.0,jacob degrom,7.0,0.45,0.55,1.0,WSN,mitchell parker,6.0,2.6470588235294117,0.7647058823529411
2025-06-07,TEX,WSN,5,3.3333333333333335,0.25233333333333335,1.3333333333333333,0.6666666666666666,jacob degrom,7.0,0.45,0.55,1.0,WSN,mitchell parker,6.0,2.6470588235294117,0.7647058823529411
2025-06-07,TEX,WSN,5,3.3333333333333335,0.25233333333333335,2.6666666666666665,1.0,jacob degrom,7.0,0.45,0.55,1.0,WSN,mitchell parker,6.0,2.6470588235294117,0.7647058823529411
2025-06-07,TEX,WSN,5,1.6666666666666667,0.18866666666666668,1.3333333333333333,0.6666666666666666,jacob degrom,7.0,0.45,0.55,1.0,WSN,mitchell parker,6.0,2.6470588235294117,0.7647058823529411
2025-06-07,TEX,WSN,5,1.6666666666666667,0.18866666666666668,2.6666666666666665,1.0,jacob degrom,7.0,0.45,0.55,1.0,WSN,mitchell parker,6.0,2.6470588235294117,0.7647058823529411
2025-06-07,TEX,WSN,5,3.3333333333333335,0.25233333333333335,1.3333333333333333,0.6666666666666666,jacob degrom,7.0,0.45,0.55,1.0,WSN,mitchell parker,6.0,2.6470588235294117,0.7647058823529411
2025-06-07,TEX,WSN,5,3.3333333333333335,0.25233333333333335,2.6666666666666665,1.0,jacob degrom,7.0,0.45,0.55,1.0,WSN,mitchell parker,6.0,2.6470588235294117,0.7647058823529411
2025-06-07,TOR,MIN,5,5.666666666666667,0.26933333333333337,5.666666666666667,1.0370370370370372,kevin gausman,6.0,4.859999999999999,1.44,1.0,MIN,chris paddack,6.0,2.25,0.85
2025-06-07,TOR,MIN,5,5.666666666666667,0.26933333333333337,5.333333333333333,1.1851851851851853,kevin gausman,6.0,4.859999999999999,1.44,1.0,MIN,chris paddack,6.0,2.25,0.85
2025-06-07,TOR,MIN,5,5.333333333333333,0.2886666666666667,5.666666666666667,1.0370370370370372,kevin gausman,6.0,4.859999999999999,1.44,1.0,MIN,chris paddack,6.0,2.25,0.85
2025-06-07,TOR,MIN,5,5.333333333333333,0.2886666666666667,5.333333333333333,1.1851851851851853,kevin gausman,6.0,4.859999999999999,1.44,1.0,MIN,chris paddack,6.0,2.25,0.85
2025-06-07,TOR,MIN,5,5.666666666666667,0.26933333333333337,5.666666666666667,1.0370370370370372,kevin gausman,6.0,4.859999999999999,1.44,1.0,MIN,chris paddack,6.0,2.25,0.85
2025-06-07,TOR,MIN,5,5.666666666666667,0.26933333333333337,5.333333333333333,1.1851851851851853,kevin gausman,6.0,4.859999999999999,1.44,1.0,MIN,chris paddack,6.0,2.25,0.85
2025-06-07,TOR,MIN,5,5.333333333333333,0.2886666666666667,5.666666666666667,1.0370370370370372,kevin gausman,6.0,4.859999999999999,1.44,1.0,MIN,chris paddack,6.0,2.25,0.85
2025-06-07,TOR,MIN,5,5.333333333333333,0.2886666666666667,5.333333333333333,1.1851851851851853,kevin gausman,6.0,4.859999999999999,1.44,1.0,MIN,chris paddack,6.0,2.25,0.85
2025-06-05,WSN,CHC,1,1.6666666666666667,0.21466666666666664,1.3333333333333333,0.75,jake irvin,5.0,7.2,2.066666666666667,1.0,CHC,colin rea,5.333333333333333,3.306122448979592,1.469387755102041
2025-06-05,WSN,CHC,1,1.6666666666666667,0.21466666666666664,0.6666666666666666,0.875,jake irvin,5.0,7.2,2.066666666666667,1.0,CHC,colin rea,5.333333333333333,3.306122448979592,1.469387755102041
2025-06-05,WSN,CHC,1,1.3333333333333333,0.2503333333333333,1.3333333333333333,0.75,jake irvin,5.0,7.2,2.066666666666667,1.0,CHC,colin rea,5.333333333333333,3.306122448979592,1.469387755102041
2025-06-05,WSN,CHC,1,1.3333333333333333,0.2503333333333333,0.6666666666666666,0.875,jake irvin,5.0,7.2,2.066666666666667,1.0,CHC,colin rea,5.333333333333333,3.306122448979592,1.469387755102041
2025-06-05,WSN,CHC,1,1.6666666666666667,0.21466666666666664,1.3333333333333333,0.75,jake irvin,5.0,7.2,2.066666666666667,1.0,CHC,colin rea,5.333333333333333,3.306122448979592,1.469387755102041
2025-06-05,WSN,CHC,1,1.6666666666666667,0.21466666666666664,0.6666666666666666,0.875,jake irvin,5.0,7.2,2.066666666666667,1.0,CHC,colin rea,5.333333333333333,3.306122448979592,1.469387755102041
2025-06-05,WSN,CHC,1,1.3333333333333333,0.2503333333333333,1.3333333333333333,0.75,jake irvin,5.0,7.2,2.066666666666667,1.0,CHC,colin rea,5.333333333333333,3.306122448979592,1.469387755102041
2025-06-05,WSN,CHC,1,1.3333333333333333,0.2503333333333333,0.6666666666666666,0.875,jake irvin,5.0,7.2,2.066666666666667,1.0,CHC,colin rea,5.333333333333333,3.306122448979592,1.469387755102041
2025-06-06,WSN,TEX,2,1.3333333333333333,0.24799999999999991,3.3333333333333335,0.9006410256410257,michael soroka,6.0,2.076923076923077,0.75,1.0,TEX,patrick corbin,8.0,2.53125,0.703125
2025-06-06,WSN,TEX,2,1.3333333333333333,0.24799999999999991,2.6666666666666665,0.7628205128205128,michael soroka,6.0,2.076923076923077,0.75,1.0,TEX,patrick corbin,8.0,2.53125,0.703125
2025-06-06,WSN,TEX,2,1.6666666666666667,0.20999999999999996,3.3333333333333335,0.9006410256410257,michael soroka,6.0,2.076923076923077,0.75,1.0,TEX,patrick corbin,8.0,2.53125,0.703125
2025-06-06,WSN,TEX,2,1.6666666666666667,0.20999999999999996,2.6666666666666665,0.7628205128205128,michael soroka,6.0,2.076923076923077,0.75,1.0,TEX,patrick corbin,8.0,2.53125,0.703125
2025-06-06,WSN,TEX,2,1.3333333333333333,0.24799999999999991,3.3333333333333335,0.9006410256410257,michael soroka,6.0,2.076923076923077,0.75,1.0,TEX,patrick corbin,8.0,2.53125,0.703125
2025-06-06,WSN,TEX,2,1.3333333333333333,0.24799999999999991,2.6666666666666665,0.7628205128205128,michael soroka,6.0,2.076923076923077,0.75,1.0,TEX,patrick corbin,8.0,2.53125,0.703125
2025-06-06,WSN,TEX,2,1.6666666666666667,0.20999999999999996,3.3333333333333335,0.9006410256410257,michael soroka,6.0,2.076923076923077,0.75,1.0,TEX,patrick corbin,8.0,2.53125,0.703125
2025-06-06,WSN,TEX,2,1.6666666666666667,0.20999999999999996,2.6666666666666665,0.7628205128205128,michael soroka,6.0,2.076923076923077,0.75,1.0,TEX,patrick corbin,8.0,2.53125,0.703125
2025-06-07,WSN,TEX,0,1.3333333333333333,0.1703333333333333,1.3333333333333333,0.5648148148148148,mitchell parker,6.0,2.6470588235294117,0.7647058823529411,1.0,TEX,jacob degrom,7.0,0.45,0.55
2025-06-07,WSN,TEX,0,1.3333333333333333,0.1703333333333333,0.6666666666666666,0.5046296296296297,mitchell parker,6.0,2.6470588235294117,0.7647058823529411,1.0,TEX,jacob degrom,7.0,0.45,0.55
2025-06-07,WSN,TEX,0,0.6666666666666666,0.16866666666666663,1.3333333333333333,0.5648148148148148,mitchell parker,6.0,2.6470588235294117,0.7647058823529411,1.0,TEX,jacob degrom,7.0,0.45,0.55
2025-06-07,WSN,TEX,0,0.6666666666666666,0.16866666666666663,0.6666666666666666,0.5046296296296297,mitchell parker,6.0,2.6470588235294117,0.7647058823529411,1.0,TEX,jacob degrom,7.0,0.45,0.55
2025-06-07,WSN,TEX,0,1.3333333333333333,0.1703333333333333,1.3333333333333333,0.5648148148148148,mitchell parker,6.0,2.6470588235294117,0.7647058823529411,1.0,TEX,jacob degrom,7.0,0.45,0.55
2025-06-07,WSN,TEX,0,1.3333333333333333,0.1703333333333333,0.6666666666666666,0.5046296296296297,mitchell parker,6.0,2.6470588235294117,0.7647058823529411,1.0,TEX,jacob degrom,7.0,0.45,0.55
2025-06-07,WSN,TEX,0,0.6666666666666666,0.16866666666666663,1.3333333333333333,0.5648148148148148,mitchell parker,6.0,2.6470588235294117,0.7647058823529411,1.0,TEX,jacob degrom,7.0,0.45,0.55
2025-06-07,WSN,TEX,0,0.6666666666666666,0.16866666666666663,0.6666666666666666,0.5046296296296297,mitchell parker,6.0,2.6470588235294117,0.7647058823529411,1.0,TEX,jacob degrom,7.0,0.45,0.55
